,ABS_CODE,ABS_NAME,STATE,2021-08-27,2021-09-05,2021-09-12,2021-09-19,2021-09-26,2021-10-03,2021-10-10,2021-10-17,2021-10-24,2021-10-31,2021-11-07,2021-11-14,2021-11-21,2021-11-28,2021-12-05,2021-12-12,2021-12-19,2022-01-03,2022-01-09,2022-01-16,2022-01-23,2022-01-30,2022-02-06,2022-02-13,2022-02-20,2022-02-27,2022-03-06,2022-03-13
0,10102,Queanbeyan,NSW,32.8,37.9,42.4,48.2,53.0,59.3,66.1,75.3,83.3,89.5,92.5,94.3,95.0,95.0,95.0,95.0,95.0,95.0,95.0,95.0,95.0,95.0,95.0,95.0,95.0,95.0,95.0,95.0
1,10103,Snowy Mountains,NSW,33.0,38.8,44.5,49.3,54.5,61.3,68.1,77.6,84.5,89.7,92.5,94.2,95.0,95.0,95.0,95.0,95.0,95.0,95.0,95.0,95.0,95.0,95.0,95.0,95.0,95.0,95.0,95.0
2,10104,South Coast,NSW,41.0,47.3,53.2,59.8,65.3,70.7,76.8,84.5,90.9,95.0,95.0,95.0,95.0,95.0,95.0,95.0,95.0,95.0,95.0,95.0,95.0,95.0,95.0,95.0,95.0,95.0,95.0,95.0
3,10105,Goulburn - Mulwaree,NSW,30.3,36.3,40.4,45.3,53.4,59.2,66.0,76.0,84.2,88.9,92.5,94.4,95.0,95.0,95.0,95.0,95.0,95.0,95.0,95.0,95.0,95.0,95.0,95.0,95.0,95.0,95.0,95.0
4,10106,Young - Yass,NSW,,41.5,46.6,52.0,58.7,65.6,73.3,83.7,89.4,93.2,95.0,95.0,95.0,95.0,95.0,95.0,95.0,95.0,95.0,95.0,95.0,95.0,95.0,95.0,95.0,95.0,95.0,95.0
5,10201,Gosford,NSW,38.4,43.6,48.8,54.7,61.3,68.6,75.8,83.6,88.4,91.9,94.2,95.0,95.0,95.0,95.0,95.0,95.0,95.0,95.0,95.0,95.0,95.0,95.0,95.0,95.0,95.0,95.0,95.0
6,10202,Wyong,NSW,,37.5,42.0,48.0,54.4,61.6,69.0,77.9,83.8,88.0,91.3,93.2,94.2,94.9,95.0,95.0,95.0,95.0,95.0,95.0,95.0,95.0,95.0,95.0,95.0,95.0,95.0,95.0
7,10301,Bathurst,NSW,31.1,35.0,40.2,46.3,54.7,67.5,74.8,81.7,85.8,88.9,91.0,92.3,93.0,93.6,94.1,94.4,94.7,94.9,95.0,95.0,95.0,95.0,94.2,94.3,94.4,94.4,94.5,94.6
8,10302,Lachlan Valley,NSW,31.3,35.6,42.3,53.0,62.1,68.3,74.8,83.4,87.7,90.7,93.1,94.8,95.0,95.0,95.0,95.0,95.0,95.0,95.0,95.0,95.0,95.0,95.0,95.0,95.0,95.0,95.0,95.0
9,10303,Lithgow - Mudgee,NSW,27.7,31.8,35.8,42.2,56.9,64.6,73.0,81.1,85.2,88.4,91.2,92.5,93.4,93.9,94.4,94.7,95.0,95.0,95.0,95.0,95.0,95.0,95.0,95.0,95.0,95.0,95.0,95.0
10,10304,Orange,NSW,35.9,40.2,45.0,50.5,58.3,70.5,77.6,85.7,89.7,92.5,94.9,95.0,95.0,95.0,95.0,95.0,95.0,95.0,95.0,95.0,95.0,95.0,95.0,95.0,95.0,95.0,95.0,95.0
11,10401,Clarence Valley,NSW,28.0,32.0,37.1,41.5,46.0,50.3,56.6,66.5,74.2,80.2,85.3,89.1,91.5,93.0,94.3,95.0,95.0,95.0,95.0,95.0,95.0,95.0,95.0,95.0,95.0,95.0,95.0,95.0
12,10402,Coffs Harbour,NSW,29.6,34.2,38.3,43.1,47.4,52.1,58.6,68.0,76.1,83.0,88.9,92.9,95.0,95.0,95.0,95.0,95.0,95.0,95.0,95.0,95.0,95.0,95.0,95.0,95.0,95.0,95.0,95.0
13,10501,Bourke - Cobar - Coonamble,NSW,23.7,29.4,40.5,52.1,62.1,69.4,74.2,80.1,84.5,86.4,88.3,89.9,90.8,91.5,92.0,92.6,92.9,93.0,93.1,93.0,93.1,93.1,94.9,95.0,95.0,95.0,95.0,95.0
14,10502,Broken Hill and Far West,NSW,37.9,40.9,47.0,54.6,62.9,70.0,75.8,81.1,84.8,87.4,89.8,91.3,92.3,93.0,93.5,93.9,94.3,94.4,94.6,94.7,94.8,94.9,95.0,95.0,95.0,95.0,95.0,95.0
15,10503,Dubbo,NSW,24.9,31.7,39.4,53.0,63.2,72.5,78.8,85.3,89.3,91.8,93.7,94.9,95.0,95.0,95.0,95.0,95.0,95.0,95.0,95.0,95.0,95.0,95.0,95.0,95.0,95.0,95.0,95.0
16,10601,Lower Hunter,NSW,24.7,29.2,33.5,38.2,43.5,50.2,59.6,71.1,80.3,86.7,91.0,93.2,94.5,95.0,95.0,95.0,95.0,95.0,95.0,95.0,95.0,95.0,95.0,95.0,95.0,95.0,95.0,95.0
17,10602,Maitland,NSW,29.3,34.4,38.9,43.0,49.2,55.5,63.7,75.8,84.6,91.2,95.0,95.0,95.0,95.0,95.0,95.0,95.0,95.0,95.0,95.0,95.0,95.0,95.0,95.0,95.0,95.0,95.0,95.0
18,10603,Port Stephens,NSW,34.6,40.7,45.2,50.2,56.0,62.0,70.1,79.4,86.1,91.4,95.0,95.0,95.0,95.0,95.0,95.0,95.0,95.0,95.0,95.0,95.0,95.0,95.0,95.0,95.0,95.0,95.0,95.0
19,10604,Upper Hunter,NSW,,31.8,36.9,42.1,48.7,56.7,66.0,76.2,81.9,88.6,92.5,94.9,95.0,95.0,95.0,95.0,95.0,95.0,95.0,95.0,95.0,95.0,95.0,95.0,95.0,95.0,95.0,95.0
20,10701,Dapto - Port Kembla,NSW,32.2,37.2,41.4,47.0,52.8,60.3,68.9,77.7,84.3,88.3,91.0,92.4,93.2,93.7,94.2,94.5,94.8,95.0,95.0,95.0,95.0,95.0,95.0,95.0,95.0,95.0,95.0,95.0
21,10703,Kiama - Shellharbour,NSW,36.1,41.1,46.8,52.8,58.8,65.8,73.7,83.1,89.3,93.1,95.0,95.0,95.0,95.0,95.0,95.0,95.0,95.0,95.0,95.0,95.0,95.0,95.0,95.0,95.0,95.0,95.0,95.0
22,10704,Wollongong,NSW,,43.7,47.8,52.9,58.4,65.0,71.6,78.5,83.1,85.8,87.7,88.4,88.9,89.3,89.5,89.7,89.9,90.0,90.1,90.1,90.2,90.3,89.4,89.5,89.6,89.7,89.7,89.8
23,10801,Great Lakes,NSW,33.7,39.5,44.2,49.5,53.8,59.0,66.3,74.9,81.2,86.7,91.4,94.3,95.0,95.0,95.0,95.0,95.0,95.0,95.0,95.0,95.0,95.0,95.0,95.0,95.0,95.0,95.0,95.0
24,10802,Kempsey - Nambucca,NSW,29.1,34.3,39.1,42.8,48.0,53.3,59.2,68.1,75.3,81.5,86.9,90.6,93.1,94.9,95.0,95.0,95.0,95.0,95.0,95.0,95.0,95.0,95.0,95.0,95.0,95.0,95.0,95.0
25,10804,Port Macquarie,NSW,37.4,42.5,47.5,52.7,58.3,63.1,70.1,79.1,85.4,90.1,93.8,95.0,95.0,95.0,95.0,95.0,95.0,95.0,95.0,95.0,95.0,95.0,95.0,95.0,95.0,95.0,95.0,95.0
26,10805,Taree - Gloucester,NSW,33.2,37.7,42.1,47.0,51.7,56.7,62.8,72.1,78.1,84.4,89.2,92.4,94.4,95.0,95.0,95.0,95.0,95.0,95.0,95.0,95.0,95.0,95.0,95.0,95.0,95.0,95.0,95.0
27,10901,Albury,NSW,29.9,34.8,39.7,44.2,48.8,54.2,61.1,72.1,79.7,85.6,90.3,93.4,95.0,95.0,95.0,95.0,95.0,95.0,95.0,95.0,95.0,95.0,95.0,95.0,95.0,95.0,95.0,95.0
28,10902,Lower Murray,NSW,32.0,36.0,40.8,45.4,51.9,61.4,65.9,73.4,78.6,83.2,87.1,90.1,92.0,93.4,94.1,94.6,95.0,95.0,95.0,95.0,95.0,95.0,95.0,95.0,95.0,95.0,95.0,95.0
29,10903,Upper Murray exc. Albury,NSW,,43.7,49.0,54.1,58.8,63.8,69.8,78.2,84.2,88.9,93.0,95.0,95.0,95.0,95.0,95.0,95.0,95.0,95.0,95.0,95.0,95.0,95.0,95.0,95.0,95.0,95.0,95.0
30,11001,Armidale,NSW,33.7,40.0,44.8,50.3,54.8,60.3,66.7,74.3,79.6,82.9,85.9,87.7,88.9,89.8,90.4,90.9,91.3,91.5,91.7,91.8,91.9,91.9,92.1,92.1,92.2,92.4,92.4,92.4
31,11002,Inverell - Tenterfield,NSW,24.4,30.0,35.0,40.7,45.8,52.4,59.4,68.0,74.4,79.0,83.4,87.0,89.3,90.6,91.7,92.7,93.5,93.9,94.1,94.2,94.3,94.4,94.9,95.0,95.0,95.0,95.0,95.0
32,11003,Moree - Narrabri,NSW,25.9,29.7,34.2,41.0,48.5,57.0,64.1,72.9,77.5,80.4,83.2,85.6,86.8,88.0,89.0,89.9,90.5,90.8,90.9,91.1,91.2,91.2,92.2,92.3,92.3,92.3,92.4,92.5
33,11004,Tamworth - Gunnedah,NSW,29.1,33.3,37.7,43.4,48.4,55.2,65.5,75.4,83.3,88.2,91.9,94.4,95.0,95.0,95.0,95.0,95.0,95.0,95.0,95.0,95.0,95.0,95.0,95.0,95.0,95.0,95.0,95.0
34,11101,Lake Macquarie - East,NSW,34.8,40.4,45.1,50.6,56.2,63.0,70.8,80.3,87.1,92.2,95.0,95.0,95.0,95.0,95.0,95.0,95.0,95.0,95.0,95.0,95.0,95.0,95.0,95.0,95.0,95.0,95.0,95.0
35,11102,Lake Macquarie - West,NSW,31.9,36.7,41.2,46.2,51.4,57.7,65.6,75.9,83.3,89.2,93.7,95.0,95.0,95.0,95.0,95.0,95.0,95.0,95.0,95.0,95.0,95.0,95.0,95.0,95.0,95.0,95.0,95.0
36,11103,Newcastle,NSW,33.2,38.3,42.6,47.7,52.9,59.2,66.8,75.2,81.4,86.1,89.3,91.1,92.0,92.6,93.1,93.4,93.6,93.8,93.8,93.9,94.0,94.1,93.0,93.2,93.2,93.3,93.3,93.4
37,11201,Richmond Valley - Coastal,NSW,33.0,36.4,39.7,43.2,47.1,51.1,56.6,64.7,72.1,77.9,83.3,86.9,89.0,90.3,91.4,92.1,92.8,93.2,93.3,93.5,93.6,93.7,92.6,92.7,92.8,92.9,93.0,93.1
38,11202,Richmond Valley - Hinterland,NSW,27.5,31.2,34.5,39.2,43.3,47.6,53.5,61.5,68.6,75.4,81.5,85.6,88.4,90.2,91.7,92.6,93.2,93.7,93.8,94.0,94.2,94.4,94.8,94.9,95.0,95.0,95.0,95.0
39,11203,Tweed Valley,NSW,,36.0,41.2,45.0,48.4,52.5,58.2,65.9,71.8,76.1,80.1,83.3,85.5,86.9,88.0,89.1,89.8,90.3,90.5,90.7,90.8,91.0,90.3,90.4,90.5,90.6,90.6,90.7
40,11301,Griffith - Murrumbidgee (West),NSW,33.5,37.5,42.1,47.8,52.7,58.3,65.0,74.5,81.3,86.8,92.4,95.0,95.0,95.0,95.0,95.0,95.0,95.0,95.0,95.0,95.0,95.0,95.0,95.0,95.0,95.0,95.0,95.0
41,11302,Tumut - Tumbarumba,NSW,,38.0,41.4,46.1,52.2,59.6,65.7,73.9,78.8,84.6,88.8,91.5,92.9,93.9,94.9,95.0,95.0,95.0,95.0,95.0,95.0,95.0,95.0,95.0,95.0,95.0,95.0,95.0
42,11303,Wagga Wagga,NSW,,41.8,46.5,50.6,55.0,61.0,67.6,76.6,83.3,87.6,91.0,93.1,94.3,95.0,95.0,95.0,95.0,95.0,95.0,95.0,95.0,95.0,95.0,95.0,95.0,95.0,95.0,95.0
43,11401,Shoalhaven,NSW,39.8,45.1,49.6,54.7,60.2,65.9,73.2,81.0,86.9,90.8,94.0,95.0,95.0,95.0,95.0,95.0,95.0,95.0,95.0,95.0,95.0,95.0,95.0,95.0,95.0,95.0,95.0,95.0
44,11402,Southern Highlands,NSW,44.6,49.4,54.2,59.8,64.9,71.4,77.9,85.5,90.9,94.7,95.0,95.0,95.0,95.0,95.0,95.0,95.0,95.0,95.0,95.0,95.0,95.0,95.0,95.0,95.0,95.0,95.0,95.0
45,11501,Baulkham Hills,NSW,47.9,54.4,59.9,67.5,76.1,82.9,88.6,93.8,95.0,95.0,95.0,95.0,95.0,95.0,95.0,95.0,95.0,95.0,95.0,95.0,95.0,95.0,95.0,95.0,95.0,95.0,95.0,95.0
46,11502,Dural - Wisemans Ferry,NSW,42.4,48.5,54.4,62.1,70.7,78.1,84.3,90.5,93.7,95.0,95.0,95.0,95.0,95.0,95.0,95.0,95.0,95.0,95.0,95.0,95.0,95.0,95.0,95.0,95.0,95.0,95.0,95.0
47,11503,Hawkesbury,NSW,32.0,38.1,44.7,52.2,60.5,68.9,76.9,83.1,86.8,89.1,90.7,91.4,91.9,92.3,92.6,92.9,93.1,93.3,93.3,93.3,93.4,93.4,93.1,93.2,93.3,93.5,93.4,93.5
48,11504,Rouse Hill - McGraths Hill,NSW,44.3,52.5,60.6,70.6,82.2,92.7,95.0,95.0,95.0,95.0,95.0,95.0,95.0,95.0,95.0,95.0,95.0,95.0,95.0,95.0,95.0,95.0,95.0,95.0,95.0,95.0,95.0,95.0
49,11601,Blacktown,NSW,34.1,39.8,46.7,54.5,63.8,71.5,78.7,86.2,90.4,92.7,94.2,95.0,95.0,95.0,95.0,95.0,95.0,95.0,95.0,95.0,95.0,95.0,95.0,95.0,95.0,95.0,95.0,95.0
50,11602,Blacktown - North,NSW,45.0,52.7,60.7,70.5,82.0,90.7,95.0,95.0,95.0,95.0,95.0,95.0,95.0,95.0,95.0,95.0,95.0,95.0,95.0,95.0,95.0,95.0,95.0,95.0,95.0,95.0,95.0,95.0
51,11603,Mount Druitt,NSW,28.5,33.9,40.7,48.6,58.6,67.0,74.9,82.3,86.7,89.5,91.3,92.4,93.1,93.6,94.0,94.4,94.6,94.9,95.0,95.0,95.0,95.0,95.0,95.0,95.0,95.0,95.0,95.0
52,11701,Botany,NSW,34.5,41.0,47.1,54.3,63.2,72.7,80.5,87.6,91.3,93.4,94.7,95.0,95.0,95.0,95.0,95.0,95.0,95.0,95.0,95.0,95.0,95.0,95.0,95.0,95.0,95.0,95.0,95.0
53,11702,Marrickville - Sydenham - Petersham,NSW,37.5,42.3,47.2,53.2,59.8,66.0,70.4,74.2,76.4,77.7,78.5,79.1,79.4,79.7,79.9,80.1,80.2,80.2,80.3,80.4,80.4,80.5,79.9,80.0,80.1,80.1,80.1,80.2
54,11703,Sydney Inner City,NSW,32.0,36.4,40.6,46.2,52.5,58.5,63.3,67.5,69.9,71.6,72.5,73.1,73.4,73.7,73.9,74.1,74.3,74.4,74.5,74.6,74.7,74.7,74.1,74.2,74.3,74.3,74.2,74.2
55,11801,Eastern Suburbs - North,NSW,45.7,50.6,55.2,60.6,66.7,72.0,77.0,80.7,82.6,83.8,84.7,85.3,85.6,85.9,86.2,86.4,86.6,86.7,86.7,86.9,86.9,87.0,86.8,86.8,86.9,86.9,87.0,87.0
56,11802,Eastern Suburbs - South,NSW,,41.0,45.7,50.9,57.3,63.4,68.3,73.2,75.5,77.1,78.2,78.9,79.3,79.6,79.8,80.1,80.3,80.5,80.5,80.6,80.8,80.8,80.2,80.3,80.4,80.4,80.4,80.5
57,11901,Bankstown,NSW,30.8,37.2,44.0,52.1,60.9,68.7,75.6,81.8,85.2,87.2,88.5,89.3,89.9,90.4,90.8,91.1,91.4,91.7,91.8,92.0,92.2,92.3,91.8,91.9,92.0,92.1,92.1,92.2
58,11902,Canterbury,NSW,28.9,35.6,42.4,50.3,59.0,66.7,73.4,80.6,84.2,86.4,87.8,88.6,89.1,89.5,89.9,90.1,90.4,90.6,90.7,90.8,91.0,91.1,91.0,91.1,91.2,91.2,91.3,91.4
59,11903,Hurstville,NSW,33.1,39.2,45.3,51.7,60.2,68.3,74.6,81.9,85.2,87.0,88.3,88.9,89.4,89.8,90.0,90.3,90.5,90.7,90.7,90.9,91.0,91.1,90.7,90.7,90.8,90.8,90.8,90.9
60,11904,Kogarah - Rockdale,NSW,29.5,34.8,40.3,46.5,54.8,63.1,69.4,76.3,79.4,81.3,82.5,83.4,83.8,84.2,84.6,84.8,85.0,85.3,85.4,85.5,85.6,85.7,85.0,85.1,85.1,85.1,85.1,85.1
61,12001,Canada Bay,NSW,38.6,44.3,49.3,56.2,63.6,70.0,75.3,79.6,82.0,83.8,84.8,85.3,85.6,85.9,86.2,86.3,86.5,86.6,86.6,86.7,86.8,86.9,86.3,86.4,86.4,86.5,86.5,86.5
62,12002,Leichhardt,NSW,47.8,53.5,58.8,64.5,70.4,75.7,79.8,82.8,84.8,85.9,86.6,86.9,87.1,87.3,87.5,87.6,87.8,87.8,87.9,87.9,88.0,88.0,87.3,87.4,87.4,87.5,87.5,87.6
63,12003,Strathfield - Burwood - Ashfield,NSW,35.6,41.5,46.8,53.5,60.9,68.0,74.4,80.2,83.6,85.5,86.6,87.2,87.6,87.8,88.0,88.1,88.3,88.4,88.4,88.5,88.6,88.6,87.8,87.9,87.9,87.9,87.8,87.8
64,12101,Chatswood - Lane Cove,NSW,43.5,49.3,54.1,60.8,68.7,74.8,79.9,84.4,87.1,88.8,89.9,90.5,90.9,91.2,91.4,91.6,91.7,91.9,92.0,92.1,92.2,92.3,91.7,91.8,91.9,91.9,92.0,92.0
65,12102,Hornsby,NSW,45.0,51.2,56.7,63.6,72.4,79.4,85.3,91.1,94.6,95.0,95.0,95.0,95.0,95.0,95.0,95.0,95.0,95.0,95.0,95.0,95.0,95.0,95.0,95.0,95.0,95.0,95.0,95.0
66,12103,Ku-ring-gai,NSW,53.3,59.6,64.4,70.9,78.5,84.3,89.2,93.5,95.0,95.0,95.0,95.0,95.0,95.0,95.0,95.0,95.0,95.0,95.0,95.0,95.0,95.0,95.0,95.0,95.0,95.0,95.0,95.0
67,12104,North Sydney - Mosman,NSW,45.1,50.4,55.0,60.8,67.5,72.9,77.5,81.3,83.3,84.6,85.5,85.9,86.2,86.5,86.7,86.8,87.0,87.0,87.0,87.1,87.1,87.2,87.3,87.4,87.4,87.4,87.4,87.4
68,12201,Manly,NSW,44.5,50.6,56.1,63.5,72.1,78.0,82.9,87.0,89.4,90.6,91.7,92.2,92.6,92.7,93.0,93.2,93.4,93.5,93.5,93.7,93.7,93.8,93.2,93.3,93.3,93.3,93.3,93.3
69,12202,Pittwater,NSW,44.4,50.7,56.7,64.3,73.2,80.1,86.0,91.2,94.3,95.0,95.0,95.0,95.0,95.0,95.0,95.0,95.0,95.0,95.0,95.0,95.0,95.0,95.0,95.0,95.0,95.0,95.0,95.0
70,12203,Warringah,NSW,,43.9,49.6,57.3,67.1,74.3,80.2,85.6,88.8,90.8,92.1,92.9,93.3,93.7,93.9,94.1,94.3,94.4,94.5,94.6,94.6,94.7,94.2,94.2,94.3,94.4,94.4,94.4
71,12301,Camden,NSW,35.6,41.2,47.3,55.4,65.3,75.1,83.4,89.1,92.1,94.0,95.0,95.0,95.0,95.0,95.0,95.0,95.0,95.0,95.0,95.0,95.0,95.0,95.0,95.0,95.0,95.0,95.0,95.0
72,12302,Campbelltown (NSW),NSW,35.2,41.2,47.7,54.9,64.3,73.2,80.6,87.6,91.5,93.7,95.0,95.0,95.0,95.0,95.0,95.0,95.0,95.0,95.0,95.0,95.0,95.0,95.0,95.0,95.0,95.0,95.0,95.0
73,12303,Wollondilly,NSW,,38.2,43.4,50.0,57.9,67.5,76.3,83.9,87.3,89.7,91.6,92.3,93.0,93.6,94.0,94.4,94.7,95.0,95.0,95.0,95.0,95.0,94.0,94.2,94.3,94.4,94.4,94.6
74,12401,Blue Mountains,NSW,41.8,47.6,53.0,59.0,65.7,72.0,78.5,85.2,89.4,91.7,93.6,94.6,95.0,95.0,95.0,95.0,95.0,95.0,95.0,95.0,95.0,95.0,95.0,95.0,95.0,95.0,95.0,95.0
75,12403,Penrith,NSW,31.9,37.2,43.8,51.6,61.0,70.2,78.7,85.7,89.5,92.1,93.8,94.7,95.0,95.0,95.0,95.0,95.0,95.0,95.0,95.0,95.0,95.0,95.0,95.0,95.0,95.0,95.0,95.0
76,12404,Richmond - Windsor,NSW,31.5,36.9,43.5,51.3,59.8,68.0,75.9,82.8,86.7,89.4,91.1,92.1,92.7,93.3,93.5,93.8,94.0,94.1,94.2,94.2,94.4,94.4,94.0,94.0,94.1,94.1,94.2,94.3
77,12405,St Marys,NSW,26.5,31.9,39.5,48.0,58.0,66.8,75.0,82.5,86.7,89.3,91.1,92.2,92.8,93.3,93.7,93.9,94.0,94.1,94.2,94.4,94.5,94.5,94.5,94.5,94.6,94.7,94.7,94.9
78,12501,Auburn,NSW,26.7,32.5,39.5,47.6,56.7,65.1,72.7,81.5,86.1,88.5,89.8,90.6,91.0,91.4,91.8,92.0,92.2,92.4,92.5,92.7,92.8,93.0,92.1,92.2,92.3,92.4,92.4,92.3
79,12502,Carlingford,NSW,38.7,45.4,51.2,58.4,66.9,74.3,80.7,86.6,90.0,92.0,93.3,93.8,94.2,94.5,94.7,94.9,95.0,95.0,95.0,95.0,95.0,95.0,94.7,94.8,94.8,94.9,94.9,94.9
80,12503,Merrylands - Guildford,NSW,26.3,31.9,38.2,45.5,54.7,62.9,70.5,78.2,82.7,85.1,86.6,87.6,88.3,88.9,89.3,89.7,90.0,90.2,90.4,90.6,90.7,90.9,90.6,90.7,90.9,90.9,91.0,91.1
81,12504,Parramatta,NSW,38.6,44.8,50.9,58.0,66.1,72.9,79.2,86.0,89.8,91.9,93.0,93.7,94.1,94.4,94.6,94.8,94.9,95.0,95.0,95.0,95.0,95.0,94.9,94.9,95.0,95.0,94.9,94.9
82,12601,Pennant Hills - Epping,NSW,48.8,55.5,61.1,67.9,76.1,82.6,88.6,94.0,95.0,95.0,95.0,95.0,95.0,95.0,95.0,95.0,95.0,95.0,95.0,95.0,95.0,95.0,95.0,95.0,95.0,95.0,95.0,95.0
83,12602,Ryde - Hunters Hill,NSW,38.6,44.8,50.0,57.2,65.4,72.3,78.0,83.1,85.9,87.8,89.0,89.6,90.1,90.4,90.7,90.9,91.1,91.2,91.3,91.3,91.4,91.4,90.2,90.3,90.3,90.4,90.4,90.5
84,12701,Bringelly - Green Valley,NSW,30.7,37.5,44.4,53.9,64.5,74.4,83.1,90.6,94.6,95.0,95.0,95.0,95.0,95.0,95.0,95.0,95.0,95.0,95.0,95.0,95.0,95.0,95.0,95.0,95.0,95.0,95.0,95.0
85,12702,Fairfield,NSW,29.1,35.8,42.4,51.4,61.2,69.5,76.9,83.3,87.2,89.5,90.9,91.8,92.4,92.8,93.2,93.5,93.7,94.0,94.1,94.2,94.3,94.4,94.8,94.9,95.0,95.0,95.0,95.0
86,12703,Liverpool,NSW,32.4,38.5,44.3,51.9,60.6,68.4,75.2,81.8,85.6,87.8,89.4,90.4,91.1,91.5,91.9,92.2,92.5,92.8,92.9,93.0,93.1,93.2,91.7,91.9,92.0,92.1,92.1,92.3
87,12801,Cronulla - Miranda - Caringbah,NSW,41.7,48.1,54.5,61.5,69.6,76.5,82.6,87.7,90.5,92.0,93.3,93.9,94.3,94.7,95.0,95.0,95.0,95.0,95.0,95.0,95.0,95.0,94.7,94.7,94.8,94.8,94.9,94.9
88,12802,Sutherland - Menai - Heathcote,NSW,43.5,50.1,56.7,63.7,72.0,79.3,85.2,90.6,93.5,95.0,95.0,95.0,95.0,95.0,95.0,95.0,95.0,95.0,95.0,95.0,95.0,95.0,95.0,95.0,95.0,95.0,95.0,95.0
89,20101,Ballarat,VIC,39.7,44.2,47.0,50.1,53.5,57.5,63.7,70.8,79.3,86.9,91.7,94.9,95.0,95.0,95.0,95.0,95.0,95.0,95.0,95.0,95.0,95.0,95.0,95.0,95.0,95.0,95.0,95.0
90,20102,Creswick - Daylesford - Ballan,VIC,37.2,44.0,46.3,51.2,54.6,58.2,64.3,70.5,77.9,84.1,88.6,91.8,93.7,95.0,95.0,95.0,95.0,95.0,95.0,95.0,95.0,95.0,95.0,95.0,95.0,95.0,95.0,95.0
91,20103,Maryborough - Pyrenees,VIC,39.6,45.7,49.5,52.7,55.2,58.5,63.4,69.1,76.2,83.1,87.8,91.5,94.2,95.0,95.0,95.0,95.0,95.0,95.0,95.0,95.0,95.0,95.0,95.0,95.0,95.0,95.0,95.0
92,20201,Bendigo,VIC,41.9,47.5,51.0,54.4,57.6,61.8,66.6,72.8,80.6,87.3,92.3,95.0,95.0,95.0,95.0,95.0,95.0,95.0,95.0,95.0,95.0,95.0,95.0,95.0,95.0,95.0,95.0,95.0
93,20202,Heathcote - Castlemaine - Kyneton,VIC,42.6,48.4,52.3,56.8,60.2,64.7,69.8,75.5,82.1,87.6,91.4,94.3,95.0,95.0,95.0,95.0,95.0,95.0,95.0,95.0,95.0,95.0,95.0,95.0,95.0,95.0,95.0,95.0
94,20203,Loddon - Elmore,VIC,34.1,39.3,43.5,47.6,51.3,55.7,60.8,65.8,72.5,78.2,83.4,86.9,89.4,91.0,91.8,92.5,92.9,93.1,93.4,93.4,93.5,93.6,93.6,93.7,93.8,94.0,94.0,94.1
95,20301,Barwon - West,VIC,38.4,45.0,48.4,51.5,54.4,59.2,65.6,74.5,83.7,91.1,95.0,95.0,95.0,95.0,95.0,95.0,95.0,95.0,95.0,95.0,95.0,95.0,95.0,95.0,95.0,95.0,95.0,95.0
96,20302,Geelong,VIC,39.2,44.0,47.2,49.9,53.2,58.0,64.6,71.2,79.2,85.7,89.8,92.6,94.4,95.0,95.0,95.0,95.0,95.0,95.0,95.0,95.0,95.0,95.0,95.0,95.0,95.0,95.0,95.0
97,20303,Surf Coast - Bellarine Peninsula,VIC,,57.9,62.3,65.7,69.8,75.0,81.7,88.3,95.0,95.0,95.0,95.0,95.0,95.0,95.0,95.0,95.0,95.0,95.0,95.0,95.0,95.0,95.0,95.0,95.0,95.0,95.0,95.0
98,20401,Upper Goulburn Valley,VIC,,41.1,44.7,48.3,51.9,56.4,62.8,69.5,77.7,84.3,88.5,92.4,94.7,95.0,95.0,95.0,95.0,95.0,95.0,95.0,95.0,95.0,95.0,95.0,95.0,95.0,95.0,95.0
99,20402,Wangaratta - Benalla,VIC,,46.2,50.2,53.6,57.4,62.4,68.1,75.3,82.3,89.7,94.0,95.0,95.0,95.0,95.0,95.0,95.0,95.0,95.0,95.0,95.0,95.0,95.0,95.0,95.0,95.0,95.0,95.0
100,20403,Wodonga - Alpine,VIC,,42.1,46.9,51.0,54.8,59.7,65.7,72.9,80.4,86.4,90.9,94.4,95.0,95.0,95.0,95.0,95.0,95.0,95.0,95.0,95.0,95.0,95.0,95.0,95.0,95.0,95.0,95.0
101,20501,Baw Baw,VIC,34.3,39.8,43.4,47.3,50.7,55.7,62.7,70.5,78.5,85.3,90.5,94.4,95.0,95.0,95.0,95.0,95.0,95.0,95.0,95.0,95.0,95.0,95.0,95.0,95.0,95.0,95.0,95.0
102,20502,Gippsland - East,VIC,42.9,48.4,52.6,56.6,60.0,63.5,69.2,75.3,81.5,87.6,91.6,95.0,95.0,95.0,95.0,95.0,95.0,95.0,95.0,95.0,95.0,95.0,95.0,95.0,95.0,95.0,95.0,95.0
103,20503,Gippsland - South West,VIC,39.3,44.6,49.6,53.7,57.1,61.9,68.3,76.0,83.6,89.3,93.6,95.0,95.0,95.0,95.0,95.0,95.0,95.0,95.0,95.0,95.0,95.0,95.0,95.0,95.0,95.0,95.0,95.0
104,20504,Latrobe Valley,VIC,32.7,36.9,39.5,42.1,44.9,48.9,55.4,62.7,70.1,76.8,83.1,88.0,92.1,94.5,95.0,95.0,95.0,95.0,95.0,95.0,95.0,95.0,95.0,95.0,95.0,95.0,95.0,95.0
105,20505,Wellington,VIC,,44.3,47.9,51.5,55.0,59.9,65.4,70.9,77.4,83.7,88.8,93.1,95.0,95.0,95.0,95.0,95.0,95.0,95.0,95.0,95.0,95.0,95.0,95.0,95.0,95.0,95.0,95.0
106,20601,Brunswick - Coburg,VIC,31.0,34.6,37.3,40.1,43.9,48.9,55.3,61.7,68.2,72.3,74.8,76.5,77.7,78.5,79.0,79.3,79.6,79.8,79.8,79.9,80.0,80.0,78.2,78.3,78.4,78.5,78.6,78.7
107,20602,Darebin - South,VIC,35.1,39.2,41.8,44.8,48.7,53.4,59.0,64.8,70.8,74.8,77.1,78.6,79.8,80.6,81.1,81.4,81.6,81.8,81.9,82.0,82.1,82.2,80.7,80.7,80.8,80.9,81.0,81.0
108,20603,Essendon,VIC,35.9,40.3,43.4,46.2,50.1,55.2,61.0,67.6,74.7,79.1,81.6,83.3,84.3,85.2,85.6,85.9,86.2,86.3,86.3,86.4,86.5,86.5,85.0,85.0,85.1,85.2,85.2,85.2
109,20604,Melbourne City,VIC,24.2,26.5,28.2,30.2,33.4,38.1,45.3,53.7,62.3,67.0,69.5,71.4,72.5,73.3,73.7,74.1,74.4,74.8,74.9,75.1,75.4,75.6,73.8,74.1,74.6,75.2,75.4,75.4
110,20605,Port Phillip,VIC,35.3,38.9,41.6,44.4,47.6,52.5,58.5,64.1,70.0,73.5,75.6,77.0,78.0,78.6,79.0,79.3,79.5,79.8,79.8,79.8,80.0,80.1,79.3,79.4,79.5,79.6,79.6,79.6
111,20606,Stonnington - West,VIC,34.0,37.7,40.4,43.2,46.8,51.7,57.6,63.3,69.0,72.3,74.2,75.4,76.2,76.7,77.0,77.3,77.5,77.6,77.6,77.6,77.7,77.7,77.0,77.1,77.2,77.3,77.3,77.3
112,20607,Yarra,VIC,,37.8,40.3,43.1,46.9,51.8,57.8,63.5,69.1,72.3,74.0,75.4,76.2,76.7,77.0,77.3,77.5,77.6,77.7,77.7,77.7,77.8,76.5,76.6,76.6,76.7,76.7,76.7
113,20701,Boroondara,VIC,43.0,47.7,51.0,54.2,58.0,62.8,68.9,74.9,80.8,84.4,86.4,87.7,88.6,89.2,89.5,89.7,89.9,90.1,90.1,90.2,90.3,90.4,90.2,90.2,90.3,90.4,90.4,90.5
114,20702,Manningham - West,VIC,36.2,41.1,44.7,48.1,51.5,56.2,62.8,70.3,78.1,84.2,88.2,90.6,92.3,93.5,94.3,94.8,95.0,95.0,95.0,95.0,95.0,95.0,94.5,94.6,94.7,94.8,94.9,95.0
115,20703,Whitehorse - West,VIC,,39.4,42.4,45.4,48.8,53.7,60.4,68.2,75.9,81.3,84.5,86.6,87.9,88.7,89.3,89.7,89.9,90.2,90.3,90.4,90.6,90.7,89.2,89.3,89.4,89.5,89.5,89.6
116,20801,Bayside,VIC,45.6,52.0,55.7,59.1,62.9,68.1,74.3,80.4,86.5,90.0,92.1,93.5,94.4,95.0,95.0,95.0,95.0,95.0,95.0,95.0,95.0,95.0,95.0,95.0,95.0,95.0,95.0,95.0
117,20802,Glen Eira,VIC,37.6,42.2,45.4,48.7,52.3,57.3,63.6,70.3,77.2,81.8,84.4,86.3,87.5,88.3,88.8,89.2,89.6,89.8,90.0,90.1,90.2,90.2,89.0,89.1,89.2,89.3,89.3,89.3
118,20803,Kingston,VIC,36.8,42.0,45.4,48.7,52.2,57.3,63.9,70.9,78.5,83.6,86.7,88.7,89.9,90.9,91.4,91.7,92.0,92.2,92.3,92.4,92.5,92.6,91.5,91.6,91.6,91.7,91.7,91.8
119,20804,Stonnington - East,VIC,42.3,46.7,50.0,52.7,56.6,61.5,67.6,73.4,79.5,83.2,85.0,86.2,87.1,87.7,88.1,88.4,88.6,88.7,88.7,88.7,88.8,89.0,87.8,87.9,88.1,88.2,88.3,88.2
120,20901,Banyule,VIC,40.6,45.6,48.8,51.8,55.3,59.8,66.1,72.9,80.2,85.0,87.9,89.9,91.2,92.0,92.5,92.8,93.2,93.3,93.4,93.5,93.5,93.6,93.3,93.4,93.5,93.5,93.5,93.5
121,20902,Darebin - North,VIC,26.6,30.2,32.6,35.3,38.5,42.9,48.9,55.8,64.2,70.3,74.0,76.8,78.6,79.8,80.4,80.9,81.2,81.5,81.6,81.7,81.8,81.9,80.7,80.8,80.9,81.0,81.0,81.1
122,20903,Nillumbik - Kinglake,VIC,40.0,46.1,49.8,53.0,56.8,62.3,69.6,76.8,84.7,89.7,92.9,94.9,95.0,95.0,95.0,95.0,95.0,95.0,95.0,95.0,95.0,95.0,95.0,95.0,95.0,95.0,95.0,95.0
123,20904,Whittlesea - Wallan,VIC,,29.7,32.5,35.1,38.3,42.7,50.4,59.3,69.6,77.7,83.0,86.9,89.2,91.1,92.1,92.7,93.2,93.6,93.7,94.0,94.2,94.3,91.6,91.8,91.9,92.1,92.2,92.4
124,21001,Keilor,VIC,33.6,38.9,42.6,45.7,49.6,54.6,60.5,67.8,75.8,81.4,84.9,87.3,89.0,90.3,90.9,91.4,91.7,91.9,92.1,92.2,92.3,92.4,91.9,92.0,92.1,92.2,92.3,92.4
125,21002,Macedon Ranges,VIC,37.9,45.0,49.4,54.0,58.6,64.8,72.0,78.9,85.8,91.4,95.0,95.0,95.0,95.0,95.0,95.0,95.0,95.0,95.0,95.0,95.0,95.0,95.0,95.0,95.0,95.0,95.0,95.0
126,21003,Moreland - North,VIC,26.8,30.6,33.0,35.8,39.3,44.7,52.0,59.7,68.8,74.9,78.9,81.7,83.3,84.6,85.3,85.8,86.2,86.6,86.7,86.9,87.0,87.2,86.1,86.2,86.3,86.4,86.5,86.6
127,21004,Sunbury,VIC,,37.4,41.5,44.6,48.6,53.3,59.8,67.7,76.7,83.7,88.4,91.6,93.7,94.9,95.0,95.0,95.0,95.0,95.0,95.0,95.0,95.0,94.3,94.3,94.4,94.5,94.6,94.7
128,21005,Tullamarine - Broadmeadows,VIC,,23.5,26.0,28.7,32.1,37.3,46.1,56.5,68.5,78.0,84.6,89.3,92.0,94.5,95.0,95.0,95.0,95.0,95.0,95.0,95.0,95.0,95.0,95.0,95.0,95.0,95.0,95.0
129,21101,Knox,VIC,33.3,38.2,41.7,45.3,49.0,53.8,60.8,68.5,77.2,83.5,87.5,90.4,92.1,93.3,93.8,94.2,94.6,94.8,94.9,95.0,95.0,95.0,94.7,94.8,94.9,95.0,95.0,95.0
130,21102,Manningham - East,VIC,38.9,44.2,48.2,51.6,55.2,60.3,66.7,74.1,81.1,86.1,89.2,91.4,92.8,93.7,94.3,94.7,94.9,95.0,95.0,95.0,95.0,95.0,95.0,95.0,95.0,95.0,95.0,95.0
131,21103,Maroondah,VIC,35.0,39.7,43.3,46.5,50.3,55.0,61.6,69.2,77.2,83.1,86.9,89.4,90.9,92.1,92.7,93.0,93.2,93.5,93.5,93.6,93.7,93.8,93.2,93.2,93.3,93.4,93.4,93.5
132,21104,Whitehorse - East,VIC,,43.3,46.7,50.0,53.5,58.2,64.7,72.4,80.3,85.9,89.1,91.3,92.6,93.5,94.0,94.3,94.5,94.8,94.9,95.0,95.0,95.0,94.5,94.6,94.6,94.7,94.7,94.8
133,21105,Yarra Ranges,VIC,,36.2,40.0,43.2,46.7,51.3,58.0,66.3,75.0,81.9,86.7,89.8,91.7,93.1,93.7,94.2,94.5,94.8,94.8,94.9,95.0,95.0,94.8,94.9,94.9,95.0,95.0,95.0
134,21201,Cardinia,VIC,28.1,32.2,35.4,38.9,42.9,48.8,56.8,66.1,75.7,83.1,88.7,92.7,95.0,95.0,95.0,95.0,95.0,95.0,95.0,95.0,95.0,95.0,95.0,95.0,95.0,95.0,95.0,95.0
135,21202,Casey - North,VIC,28.2,32.2,35.1,38.1,41.7,46.6,53.6,62.2,71.4,78.6,83.6,87.2,89.5,91.2,92.0,92.5,93.0,93.3,93.5,93.6,93.8,94.0,93.5,93.6,93.7,93.9,94.0,94.1
136,21203,Casey - South,VIC,27.5,31.3,34.0,37.1,41.0,46.5,54.7,65.1,76.7,85.4,91.5,95.0,95.0,95.0,95.0,95.0,95.0,95.0,95.0,95.0,95.0,95.0,95.0,95.0,95.0,95.0,95.0,95.0
137,21204,Dandenong,VIC,25.0,29.0,31.6,34.3,37.7,42.1,49.4,58.5,68.7,76.6,81.8,85.6,87.8,89.6,90.4,91.1,91.6,91.9,92.1,92.3,92.4,92.6,92.6,92.8,92.9,93.0,93.1,93.2
138,21205,Monash,VIC,32.7,37.0,39.9,42.8,46.2,50.9,57.9,65.7,73.9,79.4,82.8,85.2,86.6,87.7,88.3,88.7,89.0,89.3,89.5,89.6,89.7,89.8,88.9,89.0,89.2,89.4,89.5,89.6
139,21301,Brimbank,VIC,24.8,28.9,32.1,34.9,38.4,43.2,49.8,58.2,68.1,75.2,80.6,84.3,86.5,88.3,89.2,89.8,90.3,90.6,90.8,90.9,91.1,91.2,91.7,91.8,91.9,92.0,92.1,92.1
140,21302,Hobsons Bay,VIC,35.0,39.1,42.2,45.4,49.5,55.0,61.3,68.7,75.5,80.2,83.4,85.5,87.1,88.2,88.8,89.2,89.6,89.9,90.0,90.0,90.1,90.2,89.9,89.9,90.0,90.1,90.1,90.2
141,21303,Maribyrnong,VIC,31.2,35.3,37.9,40.5,44.3,49.4,55.8,62.8,70.5,74.9,77.8,79.9,81.2,82.1,82.6,83.1,83.4,83.6,83.7,83.8,83.9,84.0,82.7,82.8,82.9,83.0,83.0,83.0
142,21304,Melton - Bacchus Marsh,VIC,24.8,28.4,31.3,34.6,39.0,45.2,53.2,62.6,73.0,81.1,87.1,91.4,94.0,95.0,95.0,95.0,95.0,95.0,95.0,95.0,95.0,95.0,95.0,95.0,95.0,95.0,95.0,95.0
143,21305,Wyndham,VIC,,30.1,33.0,36.4,41.2,48.2,57.7,68.4,79.3,87.7,92.9,95.0,95.0,95.0,95.0,95.0,95.0,95.0,95.0,95.0,95.0,95.0,95.0,95.0,95.0,95.0,95.0,95.0
144,21401,Frankston,VIC,30.7,35.3,38.6,42.1,46.0,50.5,57.0,64.4,72.7,79.2,84.0,87.3,89.2,90.7,91.4,91.8,92.2,92.5,92.7,92.8,92.9,93.0,92.7,92.8,92.9,93.0,93.0,93.1
145,21402,Mornington Peninsula,VIC,42.1,47.9,51.6,55.0,58.4,62.6,68.5,74.9,82.2,87.6,91.2,93.6,95.0,95.0,95.0,95.0,95.0,95.0,95.0,95.0,95.0,95.0,95.0,95.0,95.0,95.0,95.0,95.0
146,21501,Grampians,VIC,40.2,44.7,48.7,52.8,56.5,60.8,66.3,72.5,79.1,85.5,90.6,94.0,95.0,95.0,95.0,95.0,95.0,95.0,95.0,95.0,95.0,95.0,95.0,95.0,95.0,95.0,95.0,95.0
147,21502,Mildura,VIC,30.6,34.5,37.7,40.9,44.6,49.2,54.6,62.8,73.0,82.1,88.3,93.8,95.0,95.0,95.0,95.0,95.0,95.0,95.0,95.0,95.0,95.0,95.0,95.0,95.0,95.0,95.0,95.0
148,21503,Murray River - Swan Hill,VIC,37.0,41.4,45.7,50.7,55.3,61.3,69.0,77.0,85.9,92.8,95.0,95.0,95.0,95.0,95.0,95.0,95.0,95.0,95.0,95.0,95.0,95.0,95.0,95.0,95.0,95.0,95.0,95.0
149,21601,Campaspe,VIC,35.9,41.9,46.1,49.9,54.1,59.9,67.3,75.4,83.0,90.0,94.8,95.0,95.0,95.0,95.0,95.0,95.0,95.0,95.0,95.0,95.0,95.0,95.0,95.0,95.0,95.0,95.0,95.0
150,21602,Moira,VIC,37.6,41.7,45.4,50.0,53.9,58.4,65.9,74.0,82.0,88.9,94.4,95.0,95.0,95.0,95.0,95.0,95.0,95.0,95.0,95.0,95.0,95.0,95.0,95.0,95.0,95.0,95.0,95.0
151,21603,Shepparton,VIC,33.1,36.9,40.1,43.9,47.0,52.1,61.1,69.5,78.2,85.9,91.0,95.0,95.0,95.0,95.0,95.0,95.0,95.0,95.0,95.0,95.0,95.0,95.0,95.0,95.0,95.0,95.0,95.0
152,21701,Glenelg - Southern Grampians,VIC,38.1,45.1,49.0,53.3,57.2,61.8,69.0,75.6,81.7,87.9,92.1,95.0,95.0,95.0,95.0,95.0,95.0,95.0,95.0,95.0,95.0,95.0,95.0,95.0,95.0,95.0,95.0,95.0
153,21703,Colac - Corangamite,VIC,38.5,44.2,48.2,51.4,54.5,59.7,66.1,73.2,81.0,87.8,92.4,95.0,95.0,95.0,95.0,95.0,95.0,95.0,95.0,95.0,95.0,95.0,95.0,95.0,95.0,95.0,95.0,95.0
154,21704,Warrnambool,VIC,,47.9,51.7,55.2,59.0,64.4,72.5,78.7,85.8,91.6,95.0,95.0,95.0,95.0,95.0,95.0,95.0,95.0,95.0,95.0,95.0,95.0,95.0,95.0,95.0,95.0,95.0,95.0
155,30101,Capalaba,QLD,30.5,35.3,39.8,43.1,46.6,49.7,53.5,58.2,63.3,68.1,72.5,76.8,80.3,83.3,85.9,88.4,91.1,92.7,93.4,94.1,94.5,94.7,95.0,95.0,95.0,95.0,95.0,95.0
156,30102,Cleveland - Stradbroke,QLD,33.2,37.9,42.0,45.2,48.4,51.5,55.5,60.2,64.8,69.5,74.1,78.1,81.4,84.3,86.9,89.5,92.5,94.4,95.0,95.0,95.0,95.0,95.0,95.0,95.0,95.0,95.0,95.0
157,30103,Wynnum - Manly,QLD,,36.7,41.3,45.3,49.0,52.5,56.9,61.5,66.4,70.6,74.6,78.0,81.2,83.5,85.7,87.7,90.3,92.0,92.8,93.3,93.7,93.9,92.9,93.1,93.3,93.5,93.6,93.8
158,30201,Bald Hills - Everton Park,QLD,37.8,42.4,46.7,51.0,54.9,58.9,64.0,68.6,72.7,75.9,78.9,81.7,83.8,85.7,87.3,89.2,91.4,92.8,93.5,94.0,94.3,94.5,93.0,93.3,93.5,93.7,93.8,93.9
159,30202,Chermside,QLD,35.6,40.2,44.4,48.9,52.7,56.9,61.6,66.2,70.2,73.5,76.6,79.2,81.2,83.0,84.9,86.8,89.0,90.4,91.1,91.6,91.8,92.1,91.3,91.4,91.6,91.8,91.9,92.0
160,30203,Nundah,QLD,33.4,37.7,41.4,45.7,49.6,54.1,59.4,64.0,68.3,71.6,74.6,77.4,79.7,81.7,83.5,85.2,87.4,88.9,89.4,89.9,90.3,90.5,89.4,89.6,89.7,89.9,90.1,90.2
161,30204,Sandgate,QLD,33.9,38.3,41.9,45.9,49.8,54.2,59.8,64.4,68.3,71.5,74.7,77.5,79.9,82.1,84.0,85.8,88.5,90.1,90.9,91.6,91.9,92.3,92.1,92.4,92.6,92.7,92.8,93.0
162,30301,Carindale,QLD,36.4,41.5,46.0,50.2,54.0,58.0,62.2,66.8,71.0,74.4,77.4,79.9,82.1,83.7,85.4,87.1,89.1,90.4,90.7,91.2,91.5,91.8,90.7,90.9,91.0,91.2,91.3,91.5
163,30302,Holland Park - Yeronga,QLD,35.6,39.9,44.1,48.2,52.1,55.6,59.4,63.1,66.7,69.8,72.4,74.8,76.7,78.2,79.6,81.2,83.2,84.6,85.2,85.7,85.8,85.9,84.7,85.1,85.3,85.4,85.6,85.7
164,30303,Mt Gravatt,QLD,32.5,37.3,41.2,45.1,48.7,52.1,56.6,61.4,65.9,70.0,73.7,76.6,79.1,81.2,83.2,85.3,87.9,89.7,90.4,91.1,91.5,92.0,90.4,90.7,90.9,91.1,91.2,91.4
165,30304,Nathan,QLD,34.2,38.3,41.8,45.5,49.2,52.7,56.8,61.1,64.8,68.2,71.5,74.2,76.2,77.8,79.5,81.0,83.1,84.6,85.1,85.8,86.1,86.3,85.6,85.7,85.8,86.0,86.1,86.3
166,30305,Rocklea - Acacia Ridge,QLD,29.2,33.7,37.1,40.6,44.0,47.6,52.1,57.4,62.8,67.4,71.6,75.3,78.1,80.9,83.6,86.4,89.7,92.0,93.0,94.1,94.7,95.0,93.6,94.0,94.2,94.4,94.7,94.8
167,30306,Sunnybank,QLD,29.8,34.0,37.3,41.0,44.1,47.9,52.6,57.9,63.0,67.3,71.1,74.1,76.9,79.3,81.3,83.5,86.4,88.4,89.4,90.3,90.8,91.2,91.5,91.9,92.2,92.5,92.6,92.8
168,30401,Centenary,QLD,40.6,46.1,50.7,55.4,59.8,63.7,67.7,71.8,76.0,79.4,82.9,85.7,88.0,89.7,91.3,92.7,94.6,95.0,95.0,95.0,95.0,95.0,95.0,95.0,95.0,95.0,95.0,95.0
169,30402,Kenmore - Brookfield - Moggill,QLD,46.8,51.4,56.0,60.8,65.4,69.7,74.1,78.7,82.8,85.8,88.5,90.8,92.5,93.7,95.0,95.0,95.0,95.0,95.0,95.0,95.0,95.0,95.0,95.0,95.0,95.0,95.0,95.0
170,30403,Sherwood - Indooroopilly,QLD,36.6,40.8,45.0,49.0,53.2,56.7,60.3,64.0,67.2,69.9,72.3,74.3,75.7,76.8,77.8,78.8,80.2,81.0,81.3,81.7,82.0,82.1,81.2,81.4,81.6,81.7,82.0,82.1
171,30404,The Gap - Enoggera,QLD,37.7,42.9,47.8,52.1,56.2,60.2,64.4,68.7,72.2,75.2,78.4,80.9,83.0,84.6,86.3,88.0,90.1,91.4,91.9,92.4,92.7,92.9,92.2,92.5,92.6,92.8,93.0,93.0
172,30501,Brisbane Inner,QLD,35.2,39.3,43.4,47.7,51.9,56.0,60.0,64.2,68.1,70.9,73.6,75.8,77.6,79.3,81.1,83.1,86.0,87.7,88.3,88.9,89.1,89.3,85.7,86.0,86.4,86.6,86.8,87.0
173,30502,Brisbane Inner - East,QLD,36.2,41.3,46.0,50.3,54.1,57.9,62.1,66.3,70.0,73.0,75.7,77.8,79.6,81.0,82.4,83.8,85.8,87.0,87.4,87.8,88.0,88.3,86.5,86.6,86.7,86.9,87.0,87.1
174,30503,Brisbane Inner - North,QLD,35.8,40.5,44.5,48.6,52.5,56.3,60.2,64.2,68.0,70.6,72.9,75.0,76.5,77.9,79.3,80.7,82.6,83.7,84.2,84.6,84.8,85.0,83.0,83.2,83.4,83.6,83.7,83.9
175,30504,Brisbane Inner - West,QLD,38.9,43.7,48.6,53.0,57.3,61.3,65.4,69.4,72.6,75.2,77.6,79.6,81.0,82.3,83.4,84.7,86.3,87.2,87.5,87.9,88.0,88.2,87.3,87.5,87.6,87.7,87.8,88.0
176,30601,Cairns - North,QLD,38.2,43.2,46.5,50.2,53.3,56.9,60.9,64.2,66.9,69.4,71.8,74.0,76.4,78.7,81.1,83.5,87.0,89.1,90.0,90.8,91.2,91.5,90.3,90.6,90.8,91.0,91.1,91.2
177,30602,Cairns - South,QLD,32.9,36.8,40.3,43.9,47.2,50.7,55.0,58.4,61.1,63.9,66.4,69.2,72.0,75.0,78.1,81.3,86.2,89.1,90.5,91.7,92.4,92.8,92.9,93.3,93.7,94.0,94.3,94.5
178,30603,Innisfail - Cassowary Coast,QLD,25.5,28.9,32.1,35.4,38.9,42.3,45.6,49.3,52.9,56.0,58.9,62.2,65.6,68.7,72.4,75.9,80.0,83.3,84.7,86.1,86.8,87.3,87.7,88.4,88.8,89.2,89.6,89.8
179,30604,Port Douglas - Daintree,QLD,30.8,34.3,38.3,42.2,45.3,48.5,52.8,57.0,61.0,63.9,66.7,69.6,72.1,75.6,78.2,81.3,85.3,86.9,87.7,88.5,88.7,88.9,88.7,88.9,89.2,89.5,89.6,89.7
180,30605,Tablelands (East) - Kuranda,QLD,34.6,38.9,42.7,45.9,48.6,51.3,54.0,57.0,60.1,62.4,64.7,67.3,70.0,73.0,76.0,79.2,83.9,86.6,88.2,89.6,90.5,91.1,91.5,92.1,92.6,93.0,93.4,93.6
181,30701,Darling Downs (West) - Maranoa,QLD,36.0,39.2,44.9,48.3,51.8,54.7,57.4,60.0,63.0,65.8,68.9,71.4,74.1,76.7,78.9,82.0,85.9,88.0,89.2,90.2,90.7,91.2,91.6,92.0,92.3,92.6,92.7,92.9
182,30702,Darling Downs - East,QLD,26.6,29.8,34.0,38.3,42.0,45.6,49.4,53.5,57.3,61.9,66.9,69.9,73.1,76.4,79.2,82.6,87.0,89.5,90.8,91.9,92.4,92.8,93.7,94.1,94.5,94.7,95.0,95.0
183,30703,Granite Belt,QLD,22.3,26.4,33.4,36.8,47.1,50.7,53.8,57.7,60.5,63.6,66.7,69.1,71.6,74.0,79.2,82.7,86.7,89.5,90.4,91.3,91.8,92.5,93.5,94.1,94.5,94.8,95.0,95.0
184,30801,Central Highlands (Qld),QLD,19.3,21.6,25.7,28.6,31.4,34.1,36.7,39.4,43.0,46.5,50.2,54.2,57.2,60.3,64.2,68.1,73.1,76.6,78.2,79.9,81.0,81.7,82.3,82.9,83.4,83.7,84.0,84.2
185,30803,Rockhampton,QLD,27.2,30.9,33.5,36.7,39.8,43.0,46.5,50.1,53.4,56.3,59.3,62.9,66.4,69.9,73.4,77.0,81.9,84.9,86.9,88.3,89.0,89.6,89.8,90.3,90.6,90.9,91.1,91.4
186,30804,Biloela,QLD,22.6,25.1,27.1,31.4,36.4,38.4,41.9,45.5,49.0,52.7,55.3,57.9,62.5,65.6,68.4,72.5,76.9,80.2,81.2,82.8,83.5,83.8,84.9,85.6,86.0,86.5,86.7,86.9
187,30805,Gladstone,QLD,24.6,27.5,30.4,33.4,36.6,40.7,44.2,48.0,51.3,54.3,57.4,61.3,65.3,69.4,73.5,77.2,82.4,85.2,87.4,88.7,89.2,89.9,90.1,90.6,91.1,91.5,91.7,91.9
188,30901,Broadbeach - Burleigh,QLD,33.8,37.6,40.7,44.2,47.1,51.5,56.1,61.3,65.2,68.5,71.6,74.9,77.8,80.4,82.7,85.1,88.3,90.1,90.8,91.4,91.6,91.8,90.8,91.0,91.2,91.3,91.4,91.5
189,30902,Coolangatta,QLD,31.3,35.0,38.4,42.3,45.0,49.1,54.0,59.4,63.7,67.3,70.8,74.2,77.1,79.5,81.7,83.7,86.5,88.2,89.0,89.6,89.9,90.2,88.9,89.0,89.1,89.3,89.4,89.6
190,30903,Gold Coast - North,QLD,33.4,36.9,39.5,42.3,45.1,48.6,52.5,57.2,61.0,64.6,67.8,70.9,73.8,76.1,78.5,81.1,84.0,85.9,86.8,87.5,87.8,88.1,87.1,87.4,87.6,87.9,88.1,88.2
191,30904,Gold Coast Hinterland,QLD,29.0,32.3,35.1,37.9,40.3,43.5,47.1,51.6,56.3,59.7,63.4,66.6,69.6,72.3,74.7,77.3,80.4,82.2,82.9,83.7,83.9,84.3,83.3,83.8,84.1,84.1,84.3,84.3
192,30905,Mudgeeraba - Tallebudgera,QLD,28.9,32.2,35.3,39.0,41.9,46.0,50.4,55.6,59.6,63.1,66.7,70.2,73.2,76.0,78.4,80.8,84.0,86.0,86.9,87.5,88.0,88.3,87.0,87.3,87.4,87.6,87.8,87.9
193,30906,Nerang,QLD,27.0,30.0,32.6,35.3,38.0,41.7,45.8,50.4,54.5,58.1,61.5,64.9,68.0,70.8,73.4,76.3,79.7,81.8,82.7,83.5,84.0,84.3,84.0,84.2,84.5,84.7,84.9,85.1
194,30907,Ormeau - Oxenford,QLD,26.0,29.1,31.7,34.5,37.2,40.8,45.4,50.6,55.2,59.7,64.2,68.6,72.3,75.6,78.7,81.8,85.9,88.4,89.6,90.4,91.0,91.4,87.1,87.5,87.8,88.1,88.3,88.5
195,30908,Robina,QLD,29.1,32.5,35.4,38.7,41.4,45.4,49.7,54.6,58.2,61.5,64.5,67.5,70.4,73.0,75.2,77.6,80.6,82.4,83.1,83.8,84.1,84.4,83.8,84.0,84.2,84.3,84.3,84.4
196,30909,Southport,QLD,30.2,33.4,36.1,39.1,41.8,45.6,49.5,54.8,59.1,62.8,66.0,69.2,72.2,75.0,77.6,80.4,83.9,86.1,87.1,87.7,88.1,88.5,87.9,88.2,88.4,88.7,88.8,89.1
197,30910,Surfers Paradise,QLD,32.4,35.7,38.4,41.4,44.1,47.9,51.9,56.9,60.8,64.3,67.2,70.3,72.8,75.1,77.3,79.6,82.9,84.9,85.5,86.2,86.5,86.8,84.6,84.7,84.9,85.0,85.1,85.2
198,31001,Forest Lake - Oxley,QLD,25.7,29.7,33.3,36.7,40.1,43.6,47.6,52.4,56.9,61.0,65.3,69.0,72.1,74.8,77.4,79.7,82.7,84.9,85.9,87.0,87.5,87.9,87.5,87.8,88.2,88.4,88.6,88.8
199,31002,Ipswich Hinterland,QLD,23.9,27.4,29.9,32.7,37.9,42.3,46.1,50.0,53.8,58.0,61.4,65.3,68.6,72.2,75.3,78.5,82.5,84.9,86.0,87.2,87.6,87.9,87.3,87.7,88.1,88.3,88.5,88.9
200,31003,Ipswich Inner,QLD,29.6,33.2,36.3,39.3,43.0,47.3,51.6,56.3,60.6,64.1,67.6,71.3,74.8,78.0,81.0,83.9,87.5,89.9,91.1,92.0,92.6,93.1,91.7,92.2,92.5,92.8,93.0,93.3
201,31004,Springfield - Redbank,QLD,24.2,27.5,30.5,33.4,36.8,40.8,45.0,49.7,54.3,58.3,62.3,66.1,70.1,73.4,76.6,80.1,84.6,87.8,89.4,90.9,91.7,92.4,88.9,89.4,89.9,90.3,90.6,91.0
202,31101,Beaudesert,QLD,25.3,27.3,30.0,31.9,35.1,38.3,41.8,47.5,51.4,54.6,58.0,62.1,65.1,68.6,71.8,74.4,78.9,81.1,82.5,83.6,84.3,84.7,83.9,84.4,84.7,85.1,85.3,85.6
203,31102,Beenleigh,QLD,23.5,26.7,29.6,31.9,34.5,37.8,43.7,48.8,53.2,57.2,61.0,65.0,68.7,72.1,75.5,78.8,83.3,86.4,87.8,89.0,89.8,90.4,88.4,88.9,89.2,89.6,89.8,90.1
204,31103,Browns Plains,QLD,21.2,24.5,27.1,29.8,32.2,35.4,39.4,44.4,49.3,54.5,58.8,63.3,67.5,71.7,75.5,79.2,83.8,87.4,88.9,90.4,91.5,92.2,90.8,91.5,92.1,92.6,92.9,93.3
205,31104,Jimboomba,QLD,21.5,24.5,28.2,30.9,33.3,36.7,41.3,45.9,51.4,56.3,60.7,64.7,68.7,72.6,76.4,80.0,84.6,87.6,89.1,90.3,91.1,91.7,87.4,88.0,88.4,88.7,88.9,89.3
206,31105,Loganlea - Carbrook,QLD,25.2,29.0,31.9,34.6,37.2,40.2,44.6,49.5,53.7,57.9,61.4,65.1,68.5,71.8,75.1,78.0,81.7,84.2,85.1,86.2,86.8,87.4,87.1,87.6,88.0,88.2,88.5,88.8
207,31106,Springwood - Kingston,QLD,24.5,28.1,31.1,34.1,36.6,39.7,43.8,48.6,53.2,57.9,61.9,65.8,69.6,73.0,76.2,79.5,83.2,86.0,87.3,88.5,89.2,89.8,90.5,91.1,91.6,91.9,92.2,92.5
208,31201,Bowen Basin - North,QLD,12.1,15.3,18.0,21.1,24.5,27.0,29.9,33.3,36.0,41.9,46.8,50.3,53.9,58.0,61.7,66.4,72.6,76.1,77.4,79.0,79.9,80.7,80.9,81.4,81.8,82.3,82.6,82.7
209,31202,Mackay,QLD,22.3,27.3,30.9,34.6,37.8,40.9,45.6,49.6,53.5,57.2,60.9,65.4,69.5,73.7,77.8,81.7,87.1,90.5,92.1,93.4,94.0,94.7,94.6,95.0,95.0,95.0,95.0,95.0
210,31203,Whitsunday,QLD,,23.6,26.1,28.3,31.7,34.1,39.7,43.0,46.9,51.1,55.2,59.3,63.3,66.7,69.6,74.3,79.2,81.8,82.6,83.5,84.1,84.5,83.4,83.8,84.0,84.3,84.5,84.7
211,31301,Bribie - Beachmere,QLD,40.7,45.5,49.1,52.1,55.6,59.2,63.6,67.8,71.7,74.3,78.3,81.9,84.8,87.6,90.3,92.8,95.0,95.0,95.0,95.0,95.0,95.0,95.0,95.0,95.0,95.0,95.0,95.0
212,31302,Caboolture,QLD,26.3,29.5,32.3,34.8,37.7,41.3,46.0,51.0,56.0,59.1,63.6,67.7,71.3,74.5,78.2,81.2,85.8,88.7,90.1,91.3,92.1,92.5,90.6,91.3,91.7,92.1,92.4,92.6
213,31303,Caboolture Hinterland,QLD,23.2,28.1,30.3,33.6,37.4,40.2,43.1,46.3,49.2,52.7,56.3,59.7,62.9,65.9,68.8,71.6,75.3,77.4,78.2,79.2,79.8,80.1,78.2,78.6,79.0,79.3,79.4,79.6
214,31304,Narangba - Burpengary,QLD,28.0,31.8,34.8,38.0,41.3,45.1,50.4,55.5,60.4,63.8,68.1,72.2,75.7,78.9,81.9,85.1,88.9,91.3,92.4,93.3,93.8,94.2,93.3,93.7,94.0,94.3,94.6,94.8
215,31305,Redcliffe,QLD,37.5,42.1,45.7,49.1,52.4,56.1,60.5,64.9,69.0,72.5,75.7,79.0,81.8,84.4,86.9,89.2,92.4,94.5,95.0,95.0,95.0,95.0,95.0,95.0,95.0,95.0,95.0,95.0
216,31401,The Hills District,QLD,34.8,40.1,44.9,48.9,53.0,57.3,62.3,67.0,71.3,74.9,78.7,81.6,84.1,86.1,88.3,90.4,92.9,94.3,94.9,95.0,95.0,95.0,94.9,95.0,95.0,95.0,95.0,95.0
217,31402,North Lakes,QLD,27.8,31.5,34.9,38.5,41.9,45.7,50.5,55.7,60.4,63.8,67.4,70.8,73.8,76.4,79.0,81.5,85.1,87.4,88.3,89.3,89.8,90.2,86.8,87.2,87.5,87.7,87.9,88.1
218,31403,Strathpine,QLD,29.7,33.5,36.9,40.0,43.6,47.5,52.6,57.6,62.4,66.5,70.5,74.4,77.7,80.4,83.1,86.0,89.4,91.8,92.8,93.7,94.3,94.7,94.1,94.4,94.7,94.9,95.0,95.0
219,31501,Far North,QLD,17.5,19.9,24.6,28.5,31.1,32.5,33.8,36.7,39.7,41.6,43.1,44.5,46.3,48.1,49.9,51.8,55.8,58.1,59.7,60.9,61.9,62.9,62.3,62.8,63.1,63.4,63.7,63.9
220,31502,Outback - North,QLD,26.2,29.1,32.3,35.1,38.1,40.6,43.8,46.1,48.5,51.0,53.2,55.5,58.2,60.9,64.0,68.2,73.5,77.3,79.2,81.6,82.5,83.0,84.2,84.8,85.5,86.0,86.4,86.7
221,31503,Outback - South,QLD,48.5,50.6,53.9,56.5,59.1,61.1,63.5,66.4,68.4,70.4,72.2,73.7,75.8,77.3,79.3,82.0,85.9,87.9,88.9,90.0,90.2,90.5,92.1,92.6,92.8,93.0,93.2,93.3
222,31601,Buderim,QLD,35.3,39.4,42.7,45.7,48.9,52.1,55.6,59.9,63.5,66.8,69.6,72.7,75.4,77.8,80.2,82.5,85.1,86.8,87.5,88.1,88.5,88.9,88.3,88.5,88.7,89.0,89.1,89.2
223,31602,Caloundra,QLD,39.4,43.7,47.1,50.5,53.5,56.4,59.9,64.2,67.7,71.3,75.0,78.9,81.9,84.8,87.6,90.2,93.3,95.0,95.0,95.0,95.0,95.0,94.8,95.0,95.0,95.0,95.0,95.0
224,31603,Maroochy,QLD,34.3,38.9,42.7,45.9,49.1,52.4,55.9,60.3,64.4,67.8,71.1,74.2,77.3,80.1,82.4,85.0,88.1,90.2,90.9,91.5,91.9,92.2,91.4,91.7,91.9,92.0,92.2,92.4
225,31605,Noosa,QLD,35.3,40.2,44.2,48.0,51.7,55.9,59.4,63.5,67.8,71.4,74.9,78.1,81.1,83.7,86.0,88.7,91.7,93.5,94.2,94.9,95.0,95.0,94.2,94.5,94.6,94.8,95.0,95.0
226,31606,Sunshine Coast Hinterland,QLD,31.0,34.8,37.8,40.8,43.9,47.1,51.1,55.4,59.5,63.4,67.2,71.0,74.2,77.5,80.6,83.6,87.0,89.3,90.3,91.2,91.7,92.1,90.2,90.5,90.8,91.0,91.3,91.6
227,31607,Nambour,QLD,33.0,37.4,40.9,43.6,46.7,49.8,53.5,58.3,63.1,67.0,70.6,74.5,77.8,81.1,83.9,87.1,90.6,93.0,94.0,94.8,95.0,95.0,94.3,94.7,95.0,95.0,95.0,95.0
228,31608,Noosa Hinterland,QLD,27.8,32.3,35.8,39.2,42.9,46.4,49.9,53.9,57.5,60.6,63.7,66.7,69.5,72.2,74.8,77.3,80.6,82.7,83.5,84.4,84.9,85.2,83.9,84.1,84.4,84.6,84.8,85.0
229,31701,Toowoomba,QLD,,35.5,39.0,42.1,45.4,49.1,53.3,57.7,61.8,65.6,69.2,72.5,75.7,78.8,81.7,84.7,88.5,90.7,91.9,92.8,93.4,93.7,93.2,93.6,93.8,94.1,94.3,94.5
230,31801,Charters Towers - Ayr - Ingham,QLD,28.3,31.8,35.0,38.1,41.2,45.0,48.0,51.5,54.7,58.6,61.1,63.4,67.0,70.5,73.2,76.7,81.9,85.3,87.0,88.2,88.8,89.3,90.3,90.7,91.0,91.5,91.7,91.9
231,31802,Townsville,QLD,,36.5,40.0,43.4,47.3,50.6,54.3,57.7,60.8,63.5,65.9,68.6,71.4,74.2,77.2,80.0,83.9,86.5,87.8,88.7,89.2,89.6,89.0,89.4,89.7,89.9,90.1,90.3
232,31901,Bundaberg,QLD,32.2,36.6,40.4,43.5,46.5,49.1,53.6,57.6,61.2,64.3,67.6,71.0,74.5,78.4,81.9,85.0,89.2,91.5,93.0,94.0,94.6,95.0,95.0,95.0,95.0,95.0,95.0,95.0
233,31902,Burnett,QLD,24.3,26.9,31.3,35.3,37.8,41.4,45.6,49.3,52.1,55.7,58.6,63.1,66.6,69.5,73.4,77.1,81.3,84.1,85.5,87.0,87.5,88.0,88.6,89.2,89.6,90.0,90.2,90.5
234,31903,Gympie - Cooloola,QLD,24.6,29.2,33.2,37.6,41.1,44.3,48.4,52.2,55.6,59.0,61.4,64.1,67.1,70.4,72.9,76.0,80.2,83.0,84.3,85.5,86.0,86.4,86.2,86.7,87.0,87.2,87.6,87.9
235,31904,Hervey Bay,QLD,37.4,41.6,45.5,48.7,51.3,54.5,58.9,62.6,66.0,69.3,72.4,75.9,78.9,82.0,85.1,88.0,92.3,94.7,95.0,95.0,95.0,95.0,95.0,95.0,95.0,95.0,95.0,95.0
236,31905,Maryborough,QLD,32.7,37.1,41.2,45.0,47.8,50.9,54.5,57.7,60.5,63.5,66.8,70.3,73.5,76.8,79.9,82.8,87.2,89.5,90.9,92.2,92.9,93.3,92.8,93.4,93.8,94.1,94.3,94.6
237,40101,Adelaide City,SA,36.1,39.4,42.5,46.2,50.7,55.5,59.4,62.9,66.8,71.3,75.0,78.1,81.1,83.4,85.1,86.6,88.4,89.9,90.8,91.6,92.2,92.7,90.7,91.4,91.9,92.4,92.8,93.1
238,40102,Adelaide Hills,SA,38.4,43.5,47.5,51.4,55.4,58.9,62.4,66.7,70.9,75.0,78.8,82.2,85.4,88.4,90.7,92.6,94.4,95.0,95.0,95.0,95.0,95.0,95.0,95.0,95.0,95.0,95.0,95.0
239,40103,Burnside,SA,46.8,51.5,55.3,59.5,63.9,68.4,72.3,75.8,79.2,82.7,86.2,88.6,90.8,92.7,94.1,95.0,95.0,95.0,95.0,95.0,95.0,95.0,95.0,95.0,95.0,95.0,95.0,95.0
240,40104,Campbelltown (SA),SA,33.2,37.2,40.3,44.1,47.9,52.1,55.7,59.8,64.6,69.4,74.1,77.6,81.1,84.0,86.5,88.4,90.5,92.1,93.1,93.8,94.3,94.8,93.7,93.9,94.3,94.6,94.7,94.9
241,40105,Norwood - Payneham - St Peters,SA,37.6,42.1,45.3,49.4,53.6,58.0,61.8,65.4,69.1,73.2,77.3,80.3,82.8,85.0,86.8,88.2,89.7,91.0,91.5,91.8,92.1,92.3,91.5,91.7,91.8,92.0,92.1,92.3
242,40106,Prospect - Walkerville,SA,37.1,41.5,44.8,48.8,53.4,58.1,61.9,65.8,69.6,73.7,77.8,81.2,83.9,86.4,88.5,89.9,91.4,92.5,93.1,93.6,94.0,94.4,93.7,93.8,94.1,94.3,94.5,94.6
243,40107,Unley,SA,43.0,47.2,50.5,54.5,59.1,63.7,67.2,70.7,73.6,77.3,80.5,83.0,85.3,87.1,88.4,89.5,90.5,91.2,91.6,91.9,92.2,92.4,92.2,92.3,92.4,92.6,92.8,92.9
244,40201,Gawler - Two Wells,SA,31.1,36.3,39.8,42.9,46.0,48.8,52.5,56.7,60.9,64.7,68.4,72.3,76.5,80.7,84.3,87.2,89.8,91.7,93.0,93.8,94.4,95.0,94.1,94.5,94.9,95.0,95.0,95.0
245,40202,Playford,SA,22.1,25.9,28.5,30.9,33.6,36.4,39.5,43.2,47.1,51.2,56.0,60.7,65.3,70.0,73.7,76.9,80.3,83.0,84.8,86.0,86.8,87.6,87.0,87.6,88.2,88.8,89.1,89.4
246,40203,Port Adelaide - East,SA,28.7,32.4,35.5,39.4,43.4,47.5,51.5,55.8,60.4,65.3,70.2,74.0,77.7,81.1,83.6,85.6,87.8,89.7,90.8,91.5,92.0,92.6,91.3,91.8,92.1,92.4,92.7,92.8
247,40204,Salisbury,SA,26.2,30.4,33.4,36.5,39.6,42.6,46.2,50.3,54.5,59.1,63.8,68.2,72.2,76.0,78.8,81.5,84.2,86.6,87.8,88.6,89.3,89.9,89.8,90.3,90.6,91.0,91.3,91.6
248,40205,Tea Tree Gully,SA,33.1,38.0,41.5,44.5,48.1,51.4,55.2,59.1,63.5,68.4,72.6,76.4,80.0,83.2,85.4,87.5,89.6,91.3,92.1,92.7,93.2,93.5,93.3,93.6,93.9,94.1,94.3,94.5
249,40301,Holdfast Bay,SA,43.2,48.6,52.4,56.4,60.5,64.7,68.1,71.6,75.1,78.9,82.4,85.2,87.3,89.3,90.7,92.0,93.1,94.2,94.7,94.9,95.0,95.0,94.9,95.0,95.0,95.0,95.0,95.0
250,40302,Marion,SA,35.8,40.4,43.5,47.1,51.0,55.2,59.0,62.9,66.6,71.0,75.2,78.8,81.7,84.2,86.2,87.8,89.3,90.7,91.3,91.9,92.3,92.7,91.7,92.0,92.2,92.5,92.6,92.8
251,40303,Mitcham,SA,43.2,47.9,51.4,56.1,60.4,64.6,68.1,72.0,75.1,79.2,82.8,85.5,87.8,89.8,91.2,92.3,93.4,94.3,94.8,95.0,95.0,95.0,95.0,95.0,95.0,95.0,95.0,95.0
252,40304,Onkaparinga,SA,35.5,40.6,43.8,46.9,50.1,53.4,56.9,60.4,63.9,67.8,72.1,75.7,78.8,81.5,83.5,85.3,87.2,88.7,89.6,90.3,90.8,91.3,90.7,91.1,91.4,91.6,91.8,92.0
253,40401,Charles Sturt,SA,28.2,32.0,35.1,38.8,42.8,47.0,50.7,54.6,58.8,63.3,67.8,71.6,75.2,78.4,80.9,83.1,85.3,87.2,88.2,88.8,89.5,89.9,89.1,89.5,89.8,90.1,90.3,90.5
254,40402,Port Adelaide - West,SA,26.2,30.2,33.5,37.4,41.2,45.2,49.2,53.4,58.0,62.5,67.3,71.2,75.0,78.4,81.2,83.5,85.8,88.0,89.0,89.8,90.3,90.8,90.4,90.9,91.3,91.7,92.0,92.2
255,40403,West Torrens,SA,32.0,35.8,38.8,42.7,46.7,50.9,54.3,58.1,61.8,66.3,70.6,74.3,77.6,80.3,82.4,84.2,86.0,87.4,88.2,88.9,89.3,89.7,88.7,89.0,89.2,89.5,89.6,89.9
256,40501,Barossa,SA,35.2,40.2,44.1,47.1,49.9,53.0,56.1,59.5,63.2,66.7,69.7,72.8,75.7,78.6,81.0,83.0,85.3,87.2,88.0,88.7,89.1,89.5,89.0,89.4,89.7,90.0,90.2,90.4
257,40502,Lower North,SA,31.7,36.5,41.3,45.5,49.4,52.8,55.7,59.3,62.9,65.8,69.3,72.4,75.0,77.6,80.2,82.0,83.8,85.5,86.3,87.0,87.6,88.1,88.4,88.7,89.0,89.2,89.5,89.6
258,40503,Mid North,SA,29.9,35.2,39.1,43.3,47.4,50.6,53.3,57.1,61.1,64.5,68.1,71.7,75.0,78.1,80.4,82.5,84.8,86.6,87.9,88.9,89.4,90.0,91.0,91.6,91.9,92.3,92.5,92.6
259,40504,Yorke Peninsula,SA,34.3,39.5,43.2,47.1,50.1,53.3,55.5,60.0,63.5,67.1,70.8,74.4,78.1,81.1,83.9,86.0,88.6,90.1,91.1,91.9,92.5,92.8,92.7,93.3,93.7,94.1,94.3,94.5
260,40601,Eyre Peninsula and South West,SA,31.5,34.9,39.0,42.8,46.9,50.1,53.5,56.8,60.3,63.2,66.6,69.2,72.3,75.2,77.1,79.1,81.4,83.2,84.2,85.0,85.6,86.3,87.0,87.4,87.8,88.1,88.5,88.7
261,40602,Outback - North and East,SA,27.7,30.5,33.1,35.4,37.7,41.3,44.4,47.1,50.2,52.8,55.1,57.2,60.2,62.9,65.4,67.7,69.7,71.4,72.4,73.4,74.0,74.7,76.2,76.9,77.3,77.8,78.0,78.1
262,40701,Fleurieu - Kangaroo Island,SA,38.9,43.8,46.9,50.5,55.0,58.2,62.2,65.6,68.6,71.9,75.2,78.4,81.1,84.0,86.1,87.9,89.5,90.7,91.4,92.0,92.4,92.8,91.8,92.2,92.5,92.7,93.0,93.1
263,40702,Limestone Coast,SA,28.4,31.6,35.3,39.1,43.0,46.0,49.6,53.8,58.3,63.4,68.1,72.6,77.7,81.9,84.4,86.9,88.8,90.2,90.9,91.4,91.8,92.1,92.0,92.4,92.7,93.0,93.2,93.4
264,40703,Murray and Mallee,SA,29.4,32.5,35.3,37.8,41.1,43.8,46.9,51.2,55.1,58.8,63.1,67.3,71.6,75.2,77.7,80.3,82.5,84.0,85.1,85.9,86.5,87.0,87.0,87.3,87.6,87.9,88.1,88.3
265,50101,Augusta - Margaret River - Busselton,WA,31.0,35.7,40.2,43.6,46.9,50.0,53.9,57.7,61.6,66.1,70.2,73.6,76.7,79.3,82.5,84.5,86.6,89.4,91.0,92.7,94.4,95.0,95.0,95.0,95.0,95.0,95.0,95.0
266,50102,Bunbury,WA,30.2,34.0,37.6,41.1,44.6,47.8,51.5,55.2,59.2,63.2,67.0,70.4,74.0,77.2,80.0,82.6,85.1,88.6,90.4,92.2,94.0,95.0,95.0,95.0,95.0,95.0,95.0,95.0
267,50103,Manjimup,WA,30.7,34.8,39.3,43.4,47.1,50.2,54.6,58.3,61.6,65.7,69.0,72.1,75.3,77.9,80.9,83.0,85.5,88.6,90.2,92.0,93.5,95.0,95.0,95.0,95.0,95.0,95.0,95.0
268,50201,Mandurah,WA,31.3,34.5,38.5,41.8,44.6,47.6,51.1,55.2,58.5,62.3,66.6,70.5,74.4,78.0,81.1,83.9,86.5,90.0,91.9,93.7,95.0,95.0,95.0,95.0,95.0,95.0,95.0,95.0
269,50301,Cottesloe - Claremont,WA,49.1,54.2,58.6,62.8,66.8,70.4,74.2,77.8,80.6,82.9,85.1,86.9,88.4,89.5,90.6,91.4,92.2,93.3,94.0,94.8,95.0,95.0,95.0,95.0,95.0,95.0,95.0,95.0
270,50302,Perth City,WA,39.2,43.6,48.2,52.6,56.3,60.0,63.5,67.8,70.9,73.9,76.6,78.8,81.0,82.7,84.3,85.6,86.9,88.6,89.7,90.8,92.0,93.1,91.7,92.5,93.0,93.4,93.8,94.1
271,50401,Bayswater - Bassendean,WA,31.2,35.1,38.7,42.7,46.1,49.5,53.2,57.4,61.1,64.9,68.4,71.7,74.3,76.7,78.9,80.8,82.6,85.0,86.4,88.1,89.4,91.1,91.8,92.9,93.5,94.1,94.6,94.8
272,50402,Mundaring,WA,29.0,32.7,36.3,39.4,42.1,45.5,49.6,54.2,58.8,63.5,67.4,71.0,74.0,76.8,79.3,81.4,83.3,86.4,88.0,89.8,91.5,93.2,94.5,95.0,95.0,95.0,95.0,95.0
273,50403,Swan,WA,24.6,28.3,31.7,34.8,37.5,41.0,45.0,49.5,53.8,58.7,63.3,67.4,70.9,74.4,77.5,80.1,82.5,85.9,88.1,90.1,92.1,94.3,93.6,95.0,95.0,95.0,95.0,95.0
274,50501,Joondalup,WA,38.4,43.7,48.1,52.0,55.3,59.0,62.7,66.5,70.5,74.6,77.9,80.7,83.1,85.2,87.3,88.9,90.4,92.5,93.9,95.0,95.0,95.0,95.0,95.0,95.0,95.0,95.0,95.0
275,50502,Stirling,WA,32.9,37.2,41.1,45.1,48.5,52.1,55.7,59.9,63.4,67.0,70.1,72.9,75.6,77.8,79.9,81.6,83.3,85.6,87.0,88.5,89.9,91.4,91.8,92.8,93.5,94.1,94.5,94.9
276,50503,Wanneroo,WA,27.2,31.7,35.4,38.8,41.4,44.7,48.1,51.9,56.0,60.2,63.8,67.1,70.1,72.8,75.3,77.5,79.6,82.7,84.5,86.5,88.4,90.6,90.7,92.0,92.9,93.6,94.1,94.6
277,50601,Armadale,WA,25.7,29.1,32.9,36.3,39.6,43.3,46.8,50.6,54.4,58.6,62.8,66.9,70.6,74.2,77.2,79.8,82.3,85.3,87.5,89.7,91.5,93.6,92.8,94.2,95.0,95.0,95.0,95.0
278,50602,Belmont - Victoria Park,WA,28.7,32.2,36.1,40.3,44.1,47.4,51.0,55.4,58.9,62.5,65.7,68.7,71.3,73.8,76.0,77.8,79.5,81.9,83.2,85.0,86.3,87.8,87.4,88.4,89.1,89.6,90.1,90.4
279,50603,Canning,WA,33.0,37.2,41.5,45.9,49.8,54.0,58.1,63.2,67.5,71.8,75.6,78.8,81.5,84.1,86.5,88.3,90.1,92.4,93.7,95.0,95.0,95.0,95.0,95.0,95.0,95.0,95.0,95.0
280,50604,Gosnells,WA,24.8,28.2,31.8,35.5,38.9,42.4,46.2,50.7,54.7,59.3,63.5,67.3,70.8,74.2,77.4,79.8,82.0,84.9,86.9,88.8,90.6,92.4,93.0,94.4,95.0,95.0,95.0,95.0
281,50605,Kalamunda,WA,30.8,34.8,38.6,42.3,45.6,49.0,52.9,57.2,61.2,65.5,69.0,72.3,75.3,78.2,80.6,82.8,84.9,87.4,89.1,90.7,92.2,93.8,94.9,95.0,95.0,95.0,95.0,95.0
282,50606,Serpentine - Jarrahdale,WA,22.2,25.2,28.5,31.4,34.3,37.8,40.8,44.4,48.6,52.4,56.6,60.4,63.6,67.4,70.5,73.0,75.8,79.2,81.5,83.6,85.5,87.7,86.0,87.3,88.1,88.7,89.2,89.4
283,50607,South Perth,WA,36.6,41.2,44.8,49.0,52.9,56.6,60.1,63.7,66.8,69.9,72.3,74.3,76.5,78.1,79.6,80.9,82.0,83.5,84.6,85.7,86.6,87.6,87.5,88.1,88.6,89.1,89.4,89.6
284,50701,Cockburn,WA,28.4,32.4,36.4,40.5,43.9,47.5,51.4,55.6,59.3,63.5,67.2,70.5,73.7,76.4,78.9,80.9,83.0,85.8,87.8,89.5,91.2,93.1,92.5,93.6,94.4,95.0,95.0,95.0
285,50702,Fremantle,WA,40.0,45.2,49.5,53.6,57.1,60.7,64.5,68.5,71.5,74.5,77.1,79.3,81.9,83.7,85.6,87.0,88.7,90.7,92.2,93.4,94.7,95.0,95.0,95.0,95.0,95.0,95.0,95.0
286,50703,Kwinana,WA,24.9,27.7,31.7,34.7,37.4,40.5,44.0,48.1,51.8,55.8,59.7,63.1,66.5,69.8,72.7,75.2,77.5,80.9,83.1,85.0,86.9,89.1,88.1,89.3,90.3,91.2,91.9,92.4
287,50704,Melville,WA,40.2,45.0,49.3,53.9,57.9,62.2,66.4,70.5,73.9,77.3,80.2,83.1,85.3,87.1,88.9,90.2,91.4,92.9,94.1,95.0,95.0,95.0,95.0,95.0,95.0,95.0,95.0,95.0
288,50705,Rockingham,WA,27.6,30.9,34.7,37.7,40.4,43.4,46.7,50.5,54.2,58.4,62.5,66.1,69.8,72.9,75.9,78.2,80.5,83.6,85.6,87.4,89.2,91.2,91.4,92.8,93.7,94.4,94.8,95.0
289,50901,Albany,WA,31.8,35.6,39.4,41.3,44.5,47.5,51.6,55.1,58.5,62.9,67.0,70.2,73.3,76.7,79.4,81.3,83.4,85.8,87.2,88.9,90.8,92.8,94.7,95.0,95.0,95.0,95.0,95.0
290,50902,Wheat Belt - North,WA,26.5,30.1,34.0,37.4,41.0,44.2,47.9,51.8,55.7,59.4,62.7,65.7,68.9,72.0,74.7,77.1,79.5,82.3,83.8,85.5,87.2,89.2,90.6,92.0,93.1,93.9,94.6,95.0
291,50903,Wheat Belt - South,WA,29.9,34.6,38.4,43.1,46.1,49.3,53.5,58.8,61.6,65.6,69.1,71.4,74.3,76.8,79.1,81.5,83.7,85.8,86.8,88.2,89.7,91.1,93.0,94.4,95.0,95.0,95.0,95.0
292,51001,Kimberley,WA,21.7,24.3,26.8,29.8,32.8,35.4,38.1,41.5,45.6,48.4,51.6,54.4,56.9,58.9,61.4,63.8,66.2,68.6,69.9,71.2,72.4,73.8,75.7,77.4,78.6,80.2,81.3,82.0
293,51002,East Pilbara,WA,11.2,12.5,14.1,15.1,17.4,19.6,21.6,24.0,25.8,29.6,33.8,36.6,40.9,43.2,45.5,47.5,50.9,54.1,55.6,56.9,58.2,59.4,60.3,61.4,62.3,63.1,63.7,64.2
294,51003,West Pilbara,WA,11.3,12.5,13.9,15.3,16.6,17.7,19.3,21.2,24.8,27.2,29.7,34.9,38.9,42.2,44.5,46.8,48.9,52.5,53.9,54.8,55.8,57.0,57.9,58.7,59.4,60.0,60.4,60.7
295,51101,Esperance,WA,28.3,29.8,33.6,35.7,39.1,42.1,45.6,50.9,54.4,59.0,62.3,66.8,70.1,73.5,76.3,79.3,81.8,84.4,85.9,87.6,88.6,90.0,91.7,93.2,93.9,94.7,95.0,95.0
296,51102,Gascoyne,WA,18.6,21.1,24.4,26.9,29.8,32.4,35.7,39.3,43.3,46.8,50.1,54.8,58.4,61.2,65.5,67.9,71.1,74.2,75.1,76.8,77.9,79.3,81.9,83.8,84.6,85.5,86.7,87.2
297,51103,Goldfields,WA,19.0,22.2,24.5,27.1,29.5,32.9,35.9,39.5,42.7,45.3,48.9,53.4,56.2,59.5,63.9,67.1,70.2,74.9,76.9,78.7,79.9,81.3,84.4,85.6,86.4,87.2,88.0,88.3
298,51104,Mid West,WA,26.6,30.5,33.8,37.2,39.8,42.6,46.0,49.7,53.4,57.7,61.6,65.9,69.9,73.8,77.1,80.2,82.9,86.3,87.7,89.6,91.4,93.3,95.0,95.0,95.0,95.0,95.0,95.0
299,60101,Brighton,TAS,,36.4,37.9,41.3,45.7,50.0,56.2,60.3,63.1,66.3,75.0,81.4,84.5,87.4,89.2,91.0,92.8,94.7,95.0,95.0,95.0,95.0,95.0,95.0,95.0,95.0,95.0,95.0
300,60102,Hobart - North East,TAS,,49.4,51.7,57.5,63.5,68.0,73.3,76.8,80.0,82.9,87.1,90.3,92.2,94.0,95.0,95.0,95.0,95.0,95.0,95.0,95.0,95.0,95.0,95.0,95.0,95.0,95.0,95.0
301,60103,Hobart - North West,TAS,,42.0,44.2,48.1,54.3,58.5,65.6,68.7,71.5,75.5,81.0,87.0,89.9,92.5,94.3,95.0,95.0,95.0,95.0,95.0,95.0,95.0,95.0,95.0,95.0,95.0,95.0,95.0
302,60104,Hobart - South and West,TAS,,51.6,54.7,58.2,65.0,69.8,76.6,79.5,81.5,84.2,88.7,91.6,93.6,95.0,95.0,95.0,95.0,95.0,95.0,95.0,95.0,95.0,95.0,95.0,95.0,95.0,95.0,95.0
303,60105,Hobart Inner,TAS,,54.2,56.8,61.3,67.7,71.8,77.8,80.5,82.9,85.5,89.6,92.1,93.5,94.9,95.0,95.0,95.0,95.0,95.0,95.0,95.0,95.0,95.0,95.0,95.0,95.0,95.0,95.0
304,60106,Sorell - Dodges Ferry,TAS,,39.8,43.0,48.4,53.7,57.5,63.3,67.0,69.9,72.9,76.9,81.8,85.0,87.7,89.9,91.6,93.5,95.0,95.0,95.0,95.0,95.0,95.0,95.0,95.0,95.0,95.0,95.0
305,60201,Launceston,TAS,,49.9,53.6,56.9,60.7,62.9,65.5,70.0,74.7,77.9,80.3,83.2,85.4,87.4,88.9,90.7,92.1,93.8,94.9,95.0,95.0,95.0,95.0,95.0,95.0,95.0,95.0,95.0
306,60202,Meander Valley - West Tamar,TAS,,44.4,48.0,50.7,54.1,57.2,59.7,64.5,68.6,71.1,74.0,77.4,79.8,82.4,84.3,86.0,87.6,89.4,90.7,91.6,92.3,92.8,92.2,92.7,93.2,93.5,93.7,94.0
307,60203,North East,TAS,,43.8,47.1,50.6,54.6,56.9,60.5,64.0,68.4,71.1,73.6,77.0,80.8,83.4,85.2,86.9,88.7,90.4,91.8,92.5,93.4,93.9,93.2,93.8,94.3,94.5,94.8,95.0
308,60301,Central Highlands (Tas.),TAS,,30.6,32.9,35.9,40.1,43.9,48.6,52.1,54.0,57.0,63.4,69.3,72.3,75.2,76.9,79.2,80.5,82.1,83.5,84.6,85.3,85.6,84.9,85.2,85.7,86.1,86.3,86.6
309,60302,Huon - Bruny Island,TAS,,42.4,46.0,49.7,53.7,58.0,62.9,65.8,67.9,70.7,76.6,78.7,81.4,83.7,85.6,87.7,89.3,90.5,91.8,92.5,93.2,93.6,92.0,92.5,92.8,93.1,93.4,93.5
310,60303,South East Coast,TAS,,59.3,63.2,66.0,69.1,71.3,76.4,78.7,80.9,84.0,87.6,89.6,92.7,94.3,95.0,95.0,95.0,95.0,95.0,95.0,95.0,95.0,95.0,95.0,95.0,95.0,95.0,95.0
311,60401,Burnie - Ulverstone,TAS,,43.0,45.1,47.3,49.8,53.4,59.0,64.3,68.2,71.3,73.8,77.4,80.9,83.3,85.5,87.6,89.5,91.4,92.7,93.9,94.6,95.0,95.0,95.0,95.0,95.0,95.0,95.0
312,60402,Devonport,TAS,,38.4,42.4,44.8,46.9,49.1,54.2,59.4,63.5,67.8,70.4,74.3,79.4,81.8,84.1,86.3,88.7,90.4,91.5,93.3,94.2,94.8,94.2,94.7,95.0,95.0,95.0,95.0
313,60403,West Coast,TAS,,40.0,41.9,44.3,46.0,49.6,53.7,58.6,60.7,63.4,65.4,70.8,73.5,76.0,77.6,79.2,81.0,83.1,83.8,85.5,86.4,87.0,87.4,87.9,88.2,88.4,88.6,88.6
314,70101,Darwin City,NT,,60.1,66.3,72.3,78.0,82.5,86.4,85.1,88.4,90.4,94.4,95.0,95.0,95.0,95.0,95.0,95.0,95.0,95.0,95.0,95.0,95.0,95.0,95.0,95.0,95.0,95.0,95.0
315,70102,Darwin Suburbs,NT,,48.6,53.1,56.9,60.5,63.7,66.7,69.7,72.3,74.6,78.2,81.8,84.7,87.6,90.3,91.8,93.1,94.3,95.0,95.0,95.0,95.0,95.0,95.0,95.0,95.0,95.0,95.0
316,70103,Litchfield,NT,,23.9,27.5,30.1,32.8,35.4,37.7,40.2,42.3,44.1,48.1,52.0,54.4,57.1,59.8,61.6,63.0,64.2,65.4,66.1,66.4,66.3,66.2,66.4,66.6,66.8,66.9,67.1
317,70104,Palmerston,NT,,38.1,42.8,47.2,51.8,56.1,59.9,63.4,66.5,69.2,74.3,79.2,82.8,86.3,89.9,92.0,93.7,95.0,95.0,95.0,95.0,95.0,95.0,95.0,95.0,95.0,95.0,95.0
318,70201,Alice Springs,NT,,46.0,48.4,50.6,52.7,53.6,55.5,57.7,59.2,61.0,63.5,66.2,69.4,72.3,74.8,77.7,80.2,82.4,83.3,84.7,85.8,86.4,87.3,87.8,88.3,88.8,89.0,89.2
319,70202,Barkly,NT,,21.4,22.6,23.6,24.9,26.8,28.4,29.5,30.6,32.5,34.2,36.5,39.7,41.5,44.2,47.8,50.3,54.5,55.2,57.8,59.3,60.9,62.0,63.1,64.5,65.2,65.7,65.9
320,70203,Daly - Tiwi - West Arnhem,NT,,17.7,18.9,21.4,23.0,24.1,25.1,32.3,34.2,36.2,38.2,40.6,42.3,43.8,45.6,46.8,47.8,48.9,49.6,50.2,50.5,50.9,50.8,51.0,51.3,51.6,51.8,52.0
321,70204,East Arnhem,NT,,32.6,34.1,35.7,37.9,39.5,41.2,44.2,45.9,47.6,50.2,52.9,55.6,58.0,59.8,64.3,66.7,70.2,70.7,71.6,72.5,73.0,73.2,73.5,73.7,74.1,74.3,74.5
322,70205,Katherine,NT,,27.2,30.5,33.6,36.8,39.2,41.8,44.4,46.0,48.0,50.2,54.0,57.2,60.3,64.6,68.4,71.5,72.9,73.6,74.4,75.2,75.6,75.7,76.1,76.6,76.8,77.1,77.4
323,80101,Belconnen,ACT,,43.7,48.9,54.0,59.3,65.4,71.8,77.9,85.9,91.4,94.1,95.0,95.0,95.0,95.0,95.0,95.0,95.0,95.0,95.0,95.0,95.0,95.0,95.0,95.0,95.0,95.0,95.0
324,80103,Canberra East,ACT,,23.6,26.5,29.8,32.9,36.2,38.5,43.1,47.2,50.6,54.1,55.7,56.9,57.2,57.8,57.9,57.9,58.0,58.7,58.7,58.6,58.5,56.4,57.1,56.8,57.3,57.5,57.3
325,80104,Gungahlin,ACT,,40.8,45.8,50.6,56.2,62.8,70.0,78.8,88.0,93.9,95.0,95.0,95.0,95.0,95.0,95.0,95.0,95.0,95.0,95.0,95.0,95.0,95.0,95.0,95.0,95.0,95.0,95.0
326,80105,North Canberra,ACT,,40.7,45.1,48.9,53.3,58.3,63.9,70.7,77.0,81.2,83.0,84.0,84.8,85.4,85.8,86.0,86.3,86.4,86.6,86.7,86.9,87.1,86.1,86.2,86.4,86.5,86.6,86.7
327,80106,South Canberra,ACT,,57.9,62.8,67.6,72.4,78.0,83.8,90.6,95.0,95.0,95.0,95.0,95.0,95.0,95.0,95.0,95.0,95.0,95.0,95.0,95.0,95.0,95.0,95.0,95.0,95.0,95.0,95.0
328,80107,Tuggeranong,ACT,,47.2,52.3,57.6,63.0,68.9,75.6,83.5,91.4,95.0,95.0,95.0,95.0,95.0,95.0,95.0,95.0,95.0,95.0,95.0,95.0,95.0,95.0,95.0,95.0,95.0,95.0,95.0
329,80108,Weston Creek,ACT,,56.4,61.6,66.8,71.9,77.0,82.4,89.1,95.0,95.0,95.0,95.0,95.0,95.0,95.0,95.0,95.0,95.0,95.0,95.0,95.0,95.0,95.0,95.0,95.0,95.0,95.0,95.0
330,80109,Woden Valley,ACT,,55.4,60.5,65.6,70.6,75.9,81.5,88.7,95.0,95.0,95.0,95.0,95.0,95.0,95.0,95.0,95.0,95.0,95.0,95.0,95.0,95.0,95.0,95.0,95.0,95.0,95.0,95.0
331,80110,Molonglo,ACT,,49.7,55.9,62.5,69.6,77.6,86.7,95.0,95.0,95.0,95.0,95.0,95.0,95.0,95.0,95.0,95.0,95.0,95.0,95.0,95.0,95.0,95.0,95.0,95.0,95.0,95.0,95.0
332,90101,Christmas Island,OT,31.0,33.6,38.6,43.9,47.2,49.2,49.8,50.6,51.4,51.8,52.6,53.2,53.4,54.2,54.8,55.0,55.4,55.5,55.9,56.2,57.0,56.9,56.6,57.0,56.6,56.8,56.9,56.9
333,90104,Norfolk Island,OT,68.0,68.7,76.1,77.5,83.0,85.8,87.9,88.7,89.6,90.0,92.0,91.9,92.1,92.7,93.3,93.6,94.5,95.0,95.0,95.0,95.0,95.0,95.0,95.0,95.0,95.0,95.0,95.0
